shipment_id,warehouse,product,quantity,ship_date,delivery_date,status,delivery_country,system_inventory,physical_count
SHIP-1000,WH-Paris,Product-C,126,2024-06-12,2024-06-20,In Transit,DE,754,104
SHIP-1001,WH-Paris,Product-E,217,2024-06-22,2024-07-27,Delivered,FR,95,223
SHIP-1002,WH-Toulouse,Product-A,288,2024-02-29,2024-04-02,In Transit,BE,429,225
SHIP-1003,WH-Marseille,Product-A,389,2024-04-24,2024-06-01,In Transit,ES,348,284
SHIP-1004,WH-Marseille,Product-A,48,2024-02-09,2024-02-23,Delayed,FR,367,867
SHIP-1005,WH-Marseille,Product-A,374,2024-03-29,2024-05-07,Delayed,BE,127,996
SHIP-1006,WH-Toulouse,Product-C,425,2024-04-06,2024-04-12,Cancelled,IT,591,196
SHIP-1007,WH-Lyon,Product-C,41,2024-01-18,2024-01-21,In Transit,FR,389,284
SHIP-1008,WH-Marseille,Product-B,190,2024-04-26,2024-06-06,Pending,DE,686,273
SHIP-1009,WH-Paris,Product-E,326,2024-06-28,2024-08-11,In Transit,BE,746,250
SHIP-1010,WH-Lille,Product-C,474,2024-02-11,2024-03-12,Cancelled,DE,701,332
SHIP-1011,WH-Paris,Product-C,206,2024-01-15,2024-01-30,Pending,FR,216,935
SHIP-1012,WH-Lyon,Product-D,203,2024-05-25,2024-06-15,Delayed,DE,271,142
SHIP-1013,WH-Toulouse,Product-C,383,2024-03-04,2024-04-09,Cancelled,ES,919,597
SHIP-1014,WH-Lyon,Product-B,261,2024-04-12,2024-05-06,Delayed,FR,773,48
SHIP-1015,WH-Lyon,Product-D,306,2024-01-29,2024-02-08,Delivered,ES,390,610
SHIP-1016,WH-Marseille,Product-E,441,2024-04-29,2024-06-02,Delivered,FR,698,906
SHIP-1017,WH-Marseille,Product-A,151,2024-05-17,2024-06-04,Delayed,DE,464,3
SHIP-1018,WH-Lyon,Product-E,468,2024-03-08,2024-04-10,Delivered,IT,861,654
SHIP-1019,WH-Lyon,Product-B,192,2024-05-09,2024-06-17,In Transit,BE,976,797
SHIP-1020,WH-Toulouse,Product-C,251,2024-05-15,2024-05-16,Delivered,FR,951,371
SHIP-1021,WH-Paris,Product-B,450,2024-03-19,2024-04-04,Cancelled,FR,87,749
SHIP-1022,WH-Toulouse,Product-B,66,2024-05-04,2024-05-09,Delayed,BE,169,271
SHIP-1023,WH-Lille,Product-B,476,2024-05-15,2024-06-23,Cancelled,DE,730,319
SHIP-1024,WH-Marseille,Product-D,461,2024-04-12,2024-05-25,Cancelled,ES,123,253
SHIP-1025,WH-Marseille,Product-A,302,2024-02-27,2024-03-03,Cancelled,DE,602,225
SHIP-1026,WH-Paris,Product-B,35,2024-01-02,2024-01-07,Delivered,IT,72,526
SHIP-1027,WH-Lille,Product-B,277,2024-03-01,2024-03-19,In Transit,BE,590,484
SHIP-1028,WH-Lille,Product-B,49,2024-03-03,2024-04-03,Delivered,ES,362,433
SHIP-1029,WH-Paris,Product-A,32,2024-04-15,2024-05-15,Delayed,IT,819,882
SHIP-1030,WH-Lyon,Product-B,275,2024-01-28,2024-02-13,Delayed,DE,432,187
SHIP-1031,WH-Lyon,Product-A,227,2024-03-12,2024-04-11,Cancelled,FR,51,667
SHIP-1032,WH-Paris,Product-B,86,2024-05-18,2024-05-19,Delayed,ES,492,218
SHIP-1033,WH-Lyon,Product-D,2,2024-04-12,2024-04-16,Delayed,IT,948,802
SHIP-1034,WH-Lille,Product-E,339,2024-04-26,2024-05-15,Delayed,DE,194,303
SHIP-1035,WH-Toulouse,Product-E,32,2024-02-25,2024-02-29,Pending,FR,51,598
SHIP-1036,WH-Toulouse,Product-B,30,2024-05-02,2024-06-04,Cancelled,FR,871,190
SHIP-1037,WH-Paris,Product-B,207,2024-01-18,2024-02-26,Delivered,BE,252,592
SHIP-1038,WH-Toulouse,Product-A,215,2024-06-01,2024-06-04,Cancelled,BE,535,323
SHIP-1039,WH-Marseille,Product-B,136,2024-03-07,2024-03-21,Delayed,DE,687,660
SHIP-1040,WH-Marseille,Product-A,5,2024-03-17,2024-04-16,Delayed,BE,576,102
SHIP-1041,WH-Lyon,Product-E,136,2024-01-19,2024-02-23,In Transit,IT,902,70
SHIP-1042,WH-Marseille,Product-B,225,2024-03-03,2024-03-27,Cancelled,IT,626,826
SHIP-1043,WH-Paris,Product-E,154,2024-06-16,2024-07-20,Delivered,DE,270,118
SHIP-1044,WH-Lyon,Product-C,145,2024-01-28,2024-03-04,Cancelled,DE,734,351
SHIP-1045,WH-Marseille,Product-E,251,2024-02-22,2024-04-06,Pending,FR,94,649
SHIP-1046,WH-Paris,Product-A,171,2024-04-18,2024-05-06,In Transit,IT,165,759
SHIP-1047,WH-Lille,Product-E,5,2024-04-23,2024-05-29,Delivered,FR,967,904
SHIP-1048,WH-Toulouse,Product-A,428,2024-06-25,2024-07-05,Pending,BE,565,151
SHIP-1049,WH-Paris,Product-C,187,2024-04-20,2024-04-29,Delivered,IT,215,698
SHIP-1050,WH-Paris,Product-C,400,2024-03-04,2024-04-16,Cancelled,ES,997,635
SHIP-1051,WH-Lyon,Product-B,452,2024-02-09,2024-02-25,Delayed,FR,183,754
SHIP-1052,WH-Lyon,Product-C,82,2024-03-26,2024-04-22,Delivered,ES,893,39
SHIP-1053,WH-Lyon,Product-D,180,2024-04-30,2024-05-15,Pending,DE,228,24
SHIP-1054,WH-Lille,Product-C,143,2024-06-17,2024-06-30,Delivered,IT,359,656
SHIP-1055,WH-Toulouse,Product-C,481,2024-05-10,2024-06-05,Delivered,FR,898,993
SHIP-1056,WH-Toulouse,Product-C,20,2024-03-07,2024-03-19,Delivered,BE,444,353
SHIP-1057,WH-Toulouse,Product-E,60,2024-03-21,2024-04-18,Delayed,BE,194,260
SHIP-1058,WH-Paris,Product-E,474,2024-01-12,2024-02-09,Cancelled,DE,372,441
SHIP-1059,WH-Marseille,Product-E,161,2024-01-18,2024-03-01,Delivered,IT,519,316
SHIP-1060,WH-Marseille,Product-D,357,2024-06-19,2024-07-16,Pending,BE,130,196
SHIP-1061,WH-Lille,Product-B,316,2024-04-17,2024-05-30,Cancelled,IT,415,561
SHIP-1062,WH-Marseille,Product-B,221,2024-01-01,2024-01-21,Cancelled,BE,670,329
SHIP-1063,WH-Lille,Product-B,262,2024-04-29,2024-05-28,Delayed,DE,674,86
SHIP-1064,WH-Toulouse,Product-C,48,2024-03-13,2024-04-15,In Transit,IT,230,825
SHIP-1065,WH-Paris,Product-A,126,2024-02-20,2024-03-01,Delayed,BE,870,786
SHIP-1066,WH-Lille,Product-E,100,2024-01-19,2024-02-18,Delayed,ES,409,249
SHIP-1067,WH-Paris,Product-A,399,2024-02-07,2024-03-20,Delayed,DE,180,823
SHIP-1068,WH-Lille,Product-A,286,2024-06-27,2024-07-31,In Transit,FR,467,136
SHIP-1069,WH-Toulouse,Product-E,305,2024-04-28,2024-06-10,Pending,ES,627,834
SHIP-1070,WH-Toulouse,Product-D,460,2024-05-09,2024-06-06,In Transit,ES,460,265
SHIP-1071,WH-Marseille,Product-E,249,2024-03-04,2024-04-14,In Transit,IT,450,79
SHIP-1072,WH-Marseille,Product-C,164,2024-03-14,2024-03-30,Cancelled,FR,141,154
SHIP-1073,WH-Lyon,Product-B,33,2024-02-29,2024-03-25,Delayed,ES,338,555
SHIP-1074,WH-Paris,Product-B,427,2024-04-29,2024-05-26,Delayed,ES,926,788
SHIP-1075,WH-Paris,Product-E,195,2024-05-29,2024-07-13,Delayed,FR,965,360
SHIP-1076,WH-Lille,Product-E,383,2024-03-17,2024-04-11,Cancelled,BE,919,225
SHIP-1077,WH-Marseille,Product-D,249,2024-05-04,2024-05-19,Delivered,ES,344,684
SHIP-1078,WH-Lyon,Product-D,471,2024-06-22,2024-07-18,In Transit,BE,546,27
SHIP-1079,WH-Toulouse,Product-A,43,2024-04-10,2024-05-18,Delayed,DE,887,472
SHIP-1080,WH-Marseille,Product-D,168,2024-02-16,2024-02-20,In Transit,ES,334,345
SHIP-1081,WH-Lille,Product-C,428,2024-04-07,2024-04-25,Delivered,ES,19,767
SHIP-1082,WH-Marseille,Product-B,333,2024-05-18,2024-05-22,Delivered,FR,772,31
SHIP-1083,WH-Paris,Product-E,79,2024-03-04,2024-03-17,In Transit,DE,484,685
SHIP-1084,WH-Lyon,Product-D,359,2024-01-30,2024-03-07,Pending,IT,171,620
SHIP-1085,WH-Lyon,Product-C,56,2024-06-04,2024-06-12,Cancelled,FR,951,319
SHIP-1086,WH-Lille,Product-D,483,2024-05-27,2024-07-10,In Transit,FR,606,707
SHIP-1087,WH-Paris,Product-C,436,2024-06-09,2024-06-25,Cancelled,FR,815,579
SHIP-1088,WH-Toulouse,Product-D,339,2024-01-11,2024-02-03,Pending,FR,518,663
SHIP-1089,WH-Lille,Product-D,55,2024-03-28,2024-03-29,Delayed,IT,650,912
SHIP-1090,WH-Lille,Product-B,376,2024-04-27,2024-05-07,Cancelled,IT,630,827
SHIP-1091,WH-Lille,Product-D,423,2024-05-17,2024-06-17,Cancelled,IT,330,872
SHIP-1092,WH-Marseille,Product-D,125,2024-03-03,2024-03-09,Delayed,BE,624,684
SHIP-1093,WH-Paris,Product-D,436,2024-04-07,2024-04-29,Pending,DE,499,217
SHIP-1094,WH-Marseille,Product-C,451,2024-03-31,2024-04-17,Cancelled,IT,569,10
SHIP-1095,WH-Paris,Product-B,369,2024-05-12,2024-05-25,Delayed,ES,568,776
SHIP-1096,WH-Lille,Product-D,230,2024-03-02,2024-04-16,Delivered,FR,301,226
SHIP-1097,WH-Lyon,Product-C,340,2024-04-13,2024-05-28,Cancelled,IT,484,566
SHIP-1098,WH-Lille,Product-E,170,2024-05-15,2024-06-07,Pending,ES,277,313
SHIP-1099,WH-Paris,Product-B,162,2024-03-05,2024-03-20,Delivered,BE,973,780
SHIP-1100,WH-Lyon,Product-B,379,2024-06-25,2024-07-07,Delayed,IT,741,603
SHIP-1101,WH-Marseille,Product-A,427,2024-05-14,2024-06-22,In Transit,IT,232,369
SHIP-1102,WH-Paris,Product-E,65,2024-02-15,2024-03-06,Pending,FR,997,55
SHIP-1103,WH-Lyon,Product-D,53,2024-05-21,2024-06-09,Delivered,BE,291,480
SHIP-1104,WH-Marseille,Product-B,495,2024-05-02,2024-05-31,Delivered,IT,963,882
SHIP-1105,WH-Paris,Product-D,252,2024-05-02,2024-05-10,Delivered,BE,644,702
SHIP-1106,WH-Lyon,Product-E,486,2024-01-14,2024-01-24,Pending,FR,254,121
SHIP-1107,WH-Toulouse,Product-E,405,2024-05-22,2024-06-18,Cancelled,DE,794,535
SHIP-1108,WH-Lille,Product-C,441,2024-04-07,2024-05-06,Cancelled,ES,312,582
SHIP-1109,WH-Toulouse,Product-A,486,2024-06-07,2024-06-11,In Transit,DE,270,676
SHIP-1110,WH-Lyon,Product-B,283,2024-01-21,2024-02-01,Delivered,DE,2,418
SHIP-1111,WH-Toulouse,Product-D,150,2024-04-25,2024-06-09,Delivered,DE,295,723
SHIP-1112,WH-Lille,Product-A,352,2024-03-13,2024-04-27,In Transit,IT,806,810
SHIP-1113,WH-Lyon,Product-D,59,2024-06-09,2024-07-17,Cancelled,DE,663,152
SHIP-1114,WH-Paris,Product-A,85,2024-03-09,2024-03-19,Pending,BE,766,844
SHIP-1115,WH-Lille,Product-A,240,2024-05-25,2024-06-13,Pending,ES,965,278
SHIP-1116,WH-Lille,Product-D,42,2024-05-08,2024-06-12,Cancelled,FR,910,442
SHIP-1117,WH-Marseille,Product-A,47,2024-03-23,2024-05-01,In Transit,BE,601,973
SHIP-1118,WH-Marseille,Product-E,21,2024-01-06,2024-02-19,In Transit,ES,531,667
SHIP-1119,WH-Lyon,Product-E,224,2024-04-23,2024-05-11,Delayed,FR,481,356
SHIP-1120,WH-Marseille,Product-A,440,2024-04-14,2024-05-06,In Transit,IT,421,710
SHIP-1121,WH-Lille,Product-E,19,2024-05-06,2024-05-25,Delayed,FR,322,258
SHIP-1122,WH-Lille,Product-E,423,2024-03-23,2024-03-31,Delivered,BE,473,423
SHIP-1123,WH-Toulouse,Product-C,319,2024-01-14,2024-01-27,Delayed,ES,778,52
SHIP-1124,WH-Toulouse,Product-B,475,2024-02-22,2024-03-11,Pending,ES,901,715
SHIP-1125,WH-Paris,Product-E,410,2024-05-04,2024-05-12,In Transit,DE,318,564
SHIP-1126,WH-Lille,Product-A,116,2024-01-04,2024-02-09,Delivered,ES,969,120
SHIP-1127,WH-Lille,Product-C,261,2024-06-14,2024-06-24,Pending,ES,854,494
SHIP-1128,WH-Lille,Product-E,75,2024-04-30,2024-05-16,Delayed,DE,943,613
SHIP-1129,WH-Paris,Product-C,396,2024-05-10,2024-05-19,Delayed,IT,956,806
SHIP-1130,WH-Paris,Product-C,372,2024-05-09,2024-05-27,Pending,BE,593,675
SHIP-1131,WH-Lille,Product-E,248,2024-05-05,2024-05-15,Pending,IT,565,781
SHIP-1132,WH-Lille,Product-C,446,2024-05-19,2024-06-13,In Transit,DE,585,392
SHIP-1133,WH-Paris,Product-C,382,2024-02-29,2024-03-27,Delayed,ES,395,679
SHIP-1134,WH-Lille,Product-A,65,2024-06-15,2024-06-25,Cancelled,BE,339,890
SHIP-1135,WH-Paris,Product-E,467,2024-01-26,2024-02-24,Delayed,FR,739,147
SHIP-1136,WH-Lyon,Product-A,241,2024-04-14,2024-05-26,Pending,IT,638,709
SHIP-1137,WH-Paris,Product-C,437,2024-04-11,2024-05-23,Cancelled,ES,977,324
SHIP-1138,WH-Toulouse,Product-A,317,2024-06-09,2024-07-11,Delivered,DE,646,700
SHIP-1139,WH-Paris,Product-D,51,2024-03-14,2024-03-29,Delivered,ES,170,710
SHIP-1140,WH-Paris,Product-C,408,2024-03-17,2024-03-19,Delivered,IT,367,383
SHIP-1141,WH-Lyon,Product-E,211,2024-04-20,2024-04-30,Cancelled,DE,174,179
SHIP-1142,WH-Lille,Product-E,350,2024-01-21,2024-03-01,In Transit,ES,934,597
SHIP-1143,WH-Lille,Product-C,236,2024-02-06,2024-02-21,Pending,FR,920,823
SHIP-1144,WH-Toulouse,Product-B,38,2024-04-29,2024-05-18,Delayed,IT,601,306
SHIP-1145,WH-Marseille,Product-D,433,2024-06-12,2024-07-10,Pending,DE,393,873
SHIP-1146,WH-Lyon,Product-D,293,2024-05-03,2024-05-10,Pending,BE,302,716
SHIP-1147,WH-Lille,Product-C,5,2024-03-16,2024-03-18,Cancelled,FR,932,620
SHIP-1148,WH-Lyon,Product-E,411,2024-05-07,2024-05-26,Pending,DE,651,194
SHIP-1149,WH-Lyon,Product-A,463,2024-06-07,2024-06-24,Delivered,IT,807,451
SHIP-1150,WH-Marseille,Product-B,47,2024-01-09,2024-02-16,Pending,IT,765,425
SHIP-1151,WH-Lyon,Product-E,449,2024-02-14,2024-02-27,Pending,BE,513,935
SHIP-1152,WH-Marseille,Product-D,496,2024-03-10,2024-03-21,Pending,IT,823,117
SHIP-1153,WH-Lyon,Product-B,441,2024-04-29,2024-05-04,Delayed,BE,374,92
SHIP-1154,WH-Marseille,Product-E,64,2024-04-11,2024-04-12,Delayed,IT,688,766
SHIP-1155,WH-Toulouse,Product-D,422,2024-06-21,2024-07-08,Pending,FR,691,239
SHIP-1156,WH-Toulouse,Product-E,168,2024-04-30,2024-05-02,Cancelled,DE,663,64
SHIP-1157,WH-Marseille,Product-D,60,2024-06-11,2024-07-11,In Transit,FR,968,38
SHIP-1158,WH-Paris,Product-A,121,2024-03-18,2024-04-19,Cancelled,DE,397,464
SHIP-1159,WH-Toulouse,Product-D,301,2024-04-04,2024-05-17,In Transit,ES,670,101
SHIP-1160,WH-Lille,Product-C,17,2024-05-05,2024-06-14,Pending,DE,454,455
SHIP-1161,WH-Paris,Product-C,279,2024-03-01,2024-03-25,Pending,FR,407,282
SHIP-1162,WH-Lille,Product-A,340,2024-02-18,2024-02-26,In Transit,BE,994,21
SHIP-1163,WH-Lyon,Product-B,403,2024-01-13,2024-02-04,Cancelled,DE,70,849
SHIP-1164,WH-Toulouse,Product-B,417,2024-05-21,2024-06-04,In Transit,IT,792,151
SHIP-1165,WH-Marseille,Product-B,67,2024-06-01,2024-06-02,Cancelled,IT,817,178
SHIP-1166,WH-Paris,Product-B,8,2024-01-29,2024-03-12,Pending,DE,602,331
SHIP-1167,WH-Marseille,Product-A,65,2024-01-05,2024-01-17,Delayed,BE,116,763
SHIP-1168,WH-Lille,Product-C,263,2024-01-17,2024-02-17,Cancelled,FR,462,515
SHIP-1169,WH-Paris,Product-E,155,2024-02-26,2024-04-06,Delayed,FR,62,490
SHIP-1170,WH-Paris,Product-D,365,2024-04-12,2024-05-10,Delayed,FR,920,82
SHIP-1171,WH-Lyon,Product-A,65,2024-03-23,2024-05-01,Pending,BE,648,599
SHIP-1172,WH-Lille,Product-E,272,2024-05-20,2024-06-10,Pending,ES,517,619
SHIP-1173,WH-Paris,Product-E,370,2024-04-20,2024-04-27,In Transit,ES,462,909
SHIP-1174,WH-Marseille,Product-D,205,2024-02-28,2024-03-26,Delayed,FR,320,437
SHIP-1175,WH-Marseille,Product-C,489,2024-03-21,2024-05-03,In Transit,ES,68,93
SHIP-1176,WH-Lille,Product-A,382,2024-01-22,2024-01-28,Pending,DE,569,61
SHIP-1177,WH-Toulouse,Product-C,344,2024-05-30,2024-07-05,Delivered,ES,362,894
SHIP-1178,WH-Paris,Product-C,308,2024-06-19,2024-07-17,Pending,IT,106,591
SHIP-1179,WH-Lyon,Product-D,115,2024-05-09,2024-05-23,Delivered,IT,865,569
SHIP-1180,WH-Marseille,Product-E,116,2024-04-04,2024-04-12,Delayed,BE,997,785
SHIP-1181,WH-Toulouse,Product-A,312,2024-06-08,2024-07-18,Pending,FR,184,279
SHIP-1182,WH-Marseille,Product-C,4,2024-06-28,2024-07-18,In Transit,DE,579,673
SHIP-1183,WH-Lyon,Product-A,47,2024-04-12,2024-04-17,Cancelled,DE,385,429
SHIP-1184,WH-Lyon,Product-C,160,2024-04-26,2024-05-18,Pending,BE,610,86
SHIP-1185,WH-Lyon,Product-E,26,2024-01-14,2024-01-24,Delivered,IT,453,677
SHIP-1186,WH-Toulouse,Product-D,213,2024-04-18,2024-05-20,Pending,DE,773,524
SHIP-1187,WH-Lille,Product-A,146,2024-01-30,2024-02-22,Cancelled,ES,539,683
SHIP-1188,WH-Lyon,Product-D,307,2024-03-19,2024-03-22,Delivered,FR,209,308
SHIP-1189,WH-Marseille,Product-C,168,2024-02-24,2024-03-04,Delivered,FR,509,764
SHIP-1190,WH-Lyon,Product-D,273,2024-04-20,2024-05-02,In Transit,BE,572,853
SHIP-1191,WH-Paris,Product-D,442,2024-06-20,2024-07-13,Delivered,ES,19,470
SHIP-1192,WH-Toulouse,Product-D,294,2024-01-20,2024-02-10,Delayed,ES,296,117
SHIP-1193,WH-Marseille,Product-B,411,2024-04-13,2024-04-15,Cancelled,ES,851,706
SHIP-1194,WH-Lille,Product-A,125,2024-04-02,2024-04-08,Delayed,BE,410,536
SHIP-1195,WH-Marseille,Product-C,114,2024-01-21,2024-02-16,Pending,DE,78,522
SHIP-1196,WH-Toulouse,Product-E,100,2024-06-11,2024-06-19,Pending,IT,744,981
SHIP-1197,WH-Lyon,Product-A,75,2024-06-14,2024-06-24,Pending,DE,177,616
SHIP-1198,WH-Paris,Product-B,488,2024-02-09,2024-03-22,Delayed,ES,772,577
SHIP-1199,WH-Toulouse,Product-E,166,2024-05-28,2024-06-26,Pending,DE,450,69
SHIP-1200,WH-Marseille,Product-C,303,2024-04-30,2024-05-29,Delivered,IT,519,75
SHIP-1201,WH-Lille,Product-A,30,2024-03-20,2024-04-19,Pending,IT,78,660
SHIP-1202,WH-Toulouse,Product-E,197,2024-01-24,2024-03-04,Delayed,BE,567,977
SHIP-1203,WH-Toulouse,Product-B,165,2024-01-11,2024-02-09,Cancelled,ES,513,154
SHIP-1204,WH-Paris,Product-C,366,2024-01-16,2024-02-14,Delivered,BE,661,176
SHIP-1205,WH-Lille,Product-D,269,2024-01-11,2024-01-27,Cancelled,BE,162,372
SHIP-1206,WH-Lille,Product-D,397,2024-04-05,2024-04-24,Pending,BE,53,808
SHIP-1207,WH-Marseille,Product-A,169,2024-06-10,2024-07-22,Delivered,BE,694,395
SHIP-1208,WH-Toulouse,Product-B,171,2024-03-13,2024-03-30,Delivered,BE,679,144
SHIP-1209,WH-Lille,Product-B,305,2024-03-30,2024-04-19,Delivered,IT,572,385
SHIP-1210,WH-Lyon,Product-E,48,2024-06-13,2024-07-05,Delayed,BE,370,18
SHIP-1211,WH-Lyon,Product-B,175,2024-04-02,2024-04-22,Delayed,DE,231,140
SHIP-1212,WH-Marseille,Product-A,260,2024-02-09,2024-02-14,Cancelled,BE,38,677
SHIP-1213,WH-Lyon,Product-E,193,2024-03-27,2024-05-06,In Transit,DE,185,851
SHIP-1214,WH-Lyon,Product-D,23,2024-06-26,2024-08-05,Delayed,IT,692,736
SHIP-1215,WH-Toulouse,Product-C,386,2024-03-01,2024-03-30,Delayed,DE,546,244
SHIP-1216,WH-Lyon,Product-C,348,2024-03-20,2024-04-20,Cancelled,ES,472,787
SHIP-1217,WH-Toulouse,Product-E,215,2024-03-13,2024-04-07,In Transit,DE,820,619
SHIP-1218,WH-Paris,Product-D,448,2024-02-05,2024-02-22,Pending,BE,956,105
SHIP-1219,WH-Marseille,Product-A,391,2024-05-12,2024-05-20,In Transit,IT,460,927
SHIP-1220,WH-Lille,Product-A,485,2024-05-11,2024-05-21,In Transit,ES,905,357
SHIP-1221,WH-Paris,Product-D,258,2024-01-07,2024-02-03,Pending,DE,395,83
SHIP-1222,WH-Paris,Product-C,477,2024-04-05,2024-04-20,Delivered,IT,810,149
SHIP-1223,WH-Marseille,Product-D,357,2024-02-05,2024-02-08,In Transit,ES,459,630
SHIP-1224,WH-Paris,Product-C,111,2024-01-02,2024-01-08,In Transit,BE,962,744
SHIP-1225,WH-Lille,Product-A,398,2024-06-04,2024-07-08,Pending,DE,308,124
SHIP-1226,WH-Lille,Product-E,235,2024-01-13,2024-01-29,Delivered,FR,856,926
SHIP-1227,WH-Toulouse,Product-A,324,2024-05-07,2024-06-15,Cancelled,BE,247,735
SHIP-1228,WH-Lille,Product-A,315,2024-02-06,2024-02-25,Pending,DE,584,426
SHIP-1229,WH-Paris,Product-E,500,2024-02-17,2024-03-31,Pending,FR,976,538
SHIP-1230,WH-Toulouse,Product-E,11,2024-05-19,2024-06-21,Delayed,ES,44,650
SHIP-1231,WH-Marseille,Product-A,183,2024-04-09,2024-05-03,Delivered,IT,246,750
SHIP-1232,WH-Paris,Product-E,377,2024-06-17,2024-07-28,Pending,DE,45,360
SHIP-1233,WH-Lyon,Product-D,357,2024-05-19,2024-06-10,Delayed,DE,830,138
SHIP-1234,WH-Paris,Product-C,104,2024-01-17,2024-02-16,Delivered,DE,907,42
SHIP-1235,WH-Toulouse,Product-D,418,2024-03-21,2024-04-10,Cancelled,ES,259,37
SHIP-1236,WH-Marseille,Product-C,442,2024-06-14,2024-06-27,Delivered,IT,279,127
SHIP-1237,WH-Lille,Product-D,459,2024-04-04,2024-05-02,Delayed,IT,997,191
SHIP-1238,WH-Lille,Product-C,474,2024-05-07,2024-06-21,Cancelled,IT,820,84
SHIP-1239,WH-Lille,Product-E,422,2024-04-18,2024-04-24,In Transit,BE,300,328
SHIP-1240,WH-Marseille,Product-C,157,2024-01-27,2024-02-02,Delayed,BE,734,436
SHIP-1241,WH-Lille,Product-C,229,2024-02-12,2024-03-28,Delivered,IT,629,445
SHIP-1242,WH-Paris,Product-A,344,2024-03-11,2024-04-21,Delayed,IT,525,820
SHIP-1243,WH-Paris,Product-B,435,2024-06-22,2024-07-03,Cancelled,ES,35,129
SHIP-1244,WH-Marseille,Product-C,197,2024-01-18,2024-02-03,Cancelled,FR,619,157
SHIP-1245,WH-Marseille,Product-C,228,2024-06-22,2024-07-21,Delivered,BE,140,542
SHIP-1246,WH-Marseille,Product-C,128,2024-04-03,2024-04-29,Delivered,FR,753,190
SHIP-1247,WH-Lille,Product-E,61,2024-05-07,2024-06-10,Pending,IT,720,456
SHIP-1248,WH-Marseille,Product-D,103,2024-02-24,2024-04-04,Delivered,DE,873,75
SHIP-1249,WH-Lille,Product-A,415,2024-04-25,2024-05-07,Pending,IT,726,66
SHIP-1250,WH-Marseille,Product-C,436,2024-05-20,2024-06-24,In Transit,DE,812,370
SHIP-1251,WH-Paris,Product-B,406,2024-05-10,2024-05-25,In Transit,DE,809,505
SHIP-1252,WH-Toulouse,Product-E,189,2024-01-07,2024-01-31,Delayed,BE,132,626
SHIP-1253,WH-Marseille,Product-D,368,2024-01-23,2024-01-28,Delayed,BE,420,787
SHIP-1254,WH-Paris,Product-B,498,2024-04-14,2024-05-21,Pending,FR,460,477
SHIP-1255,WH-Marseille,Product-B,450,2024-06-23,2024-07-27,Cancelled,BE,186,786
SHIP-1256,WH-Toulouse,Product-A,426,2024-02-03,2024-03-02,Delivered,BE,156,311
SHIP-1257,WH-Marseille,Product-B,178,2024-02-12,2024-02-23,Cancelled,IT,866,80
SHIP-1258,WH-Toulouse,Product-C,65,2024-03-05,2024-03-18,Pending,BE,546,95
SHIP-1259,WH-Lyon,Product-E,483,2024-05-08,2024-06-19,Cancelled,DE,175,674
SHIP-1260,WH-Marseille,Product-E,22,2024-06-08,2024-07-17,Delivered,FR,46,971
SHIP-1261,WH-Marseille,Product-B,393,2024-06-13,2024-07-20,Cancelled,ES,632,654
SHIP-1262,WH-Toulouse,Product-C,329,2024-01-08,2024-02-09,Pending,ES,250,824
SHIP-1263,WH-Marseille,Product-D,38,2024-06-24,2024-07-20,Delivered,DE,450,425
SHIP-1264,WH-Lyon,Product-C,311,2024-05-03,2024-06-02,In Transit,IT,882,735
SHIP-1265,WH-Lille,Product-B,390,2024-03-22,2024-04-14,Pending,BE,575,108
SHIP-1266,WH-Lille,Product-A,137,2024-03-22,2024-04-07,Delayed,DE,144,99
SHIP-1267,WH-Lille,Product-E,215,2024-01-13,2024-02-01,In Transit,DE,833,335
SHIP-1268,WH-Lyon,Product-B,256,2024-05-27,2024-06-17,Cancelled,ES,510,900
SHIP-1269,WH-Paris,Product-A,484,2024-03-19,2024-04-20,Delayed,BE,468,989
SHIP-1270,WH-Toulouse,Product-C,25,2024-03-02,2024-03-16,Delivered,IT,506,611
SHIP-1271,WH-Lille,Product-C,275,2024-06-16,2024-07-30,Delivered,FR,441,137
SHIP-1272,WH-Lille,Product-C,24,2024-03-08,2024-04-01,Delayed,FR,583,575
SHIP-1273,WH-Toulouse,Product-C,38,2024-02-19,2024-03-14,Delayed,BE,461,782
SHIP-1274,WH-Toulouse,Product-E,61,2024-05-20,2024-06-07,In Transit,FR,403,382
SHIP-1275,WH-Marseille,Product-B,102,2024-03-27,2024-05-02,Cancelled,BE,411,512
SHIP-1276,WH-Paris,Product-B,366,2024-01-11,2024-01-14,Pending,ES,531,467
SHIP-1277,WH-Toulouse,Product-B,168,2024-02-08,2024-03-18,Cancelled,IT,166,402
SHIP-1278,WH-Toulouse,Product-C,260,2024-06-06,2024-06-26,Cancelled,BE,501,725
SHIP-1279,WH-Lille,Product-A,189,2024-05-24,2024-06-13,Pending,FR,426,597
SHIP-1280,WH-Paris,Product-E,243,2024-03-19,2024-05-03,Pending,BE,591,233
SHIP-1281,WH-Lille,Product-B,269,2024-01-14,2024-02-21,Cancelled,ES,151,841
SHIP-1282,WH-Paris,Product-E,486,2024-06-23,2024-07-09,Delivered,DE,19,451
SHIP-1283,WH-Lyon,Product-D,354,2024-03-21,2024-04-17,In Transit,ES,513,793
SHIP-1284,WH-Paris,Product-B,266,2024-06-05,2024-07-06,In Transit,BE,332,678
SHIP-1285,WH-Lille,Product-C,490,2024-05-02,2024-06-05,In Transit,ES,934,545
SHIP-1286,WH-Marseille,Product-C,313,2024-03-28,2024-05-02,Delayed,DE,980,252
SHIP-1287,WH-Marseille,Product-B,483,2024-03-12,2024-04-17,Pending,IT,721,212
SHIP-1288,WH-Marseille,Product-D,179,2024-06-25,2024-07-27,Cancelled,IT,294,124
SHIP-1289,WH-Toulouse,Product-D,459,2024-05-26,2024-07-09,Delayed,IT,977,791
SHIP-1290,WH-Paris,Product-C,490,2024-02-07,2024-02-26,Delivered,IT,946,452
SHIP-1291,WH-Lille,Product-B,104,2024-06-16,2024-07-03,Cancelled,IT,955,575
SHIP-1292,WH-Lyon,Product-A,316,2024-06-27,2024-07-15,Cancelled,DE,248,51
SHIP-1293,WH-Lyon,Product-B,27,2024-06-20,2024-07-24,Delivered,ES,338,734
SHIP-1294,WH-Lyon,Product-A,494,2024-04-30,2024-05-07,Cancelled,DE,416,668
SHIP-1295,WH-Lyon,Product-C,165,2024-05-01,2024-06-01,Pending,FR,929,787
SHIP-1296,WH-Toulouse,Product-B,274,2024-01-23,2024-03-05,Delivered,DE,427,903
SHIP-1297,WH-Lille,Product-D,96,2024-02-15,2024-02-18,Pending,FR,9,305
SHIP-1298,WH-Paris,Product-C,146,2024-05-25,2024-07-03,Delayed,BE,536,505
SHIP-1299,WH-Lille,Product-C,99,2024-02-04,2024-03-08,Delivered,IT,166,748
SHIP-1300,WH-Marseille,Product-B,8,2024-04-27,2024-06-08,Pending,IT,581,690
SHIP-1301,WH-Toulouse,Product-D,424,2024-02-19,2024-03-02,Delayed,BE,335,88
SHIP-1302,WH-Paris,Product-B,72,2024-04-12,2024-05-25,Delayed,IT,958,254
SHIP-1303,WH-Lille,Product-B,229,2024-01-02,2024-01-19,Pending,IT,309,596
SHIP-1304,WH-Marseille,Product-C,355,2024-05-26,2024-05-27,In Transit,FR,683,121
SHIP-1305,WH-Lyon,Product-D,352,2024-04-29,2024-05-19,Cancelled,IT,706,120
SHIP-1306,WH-Marseille,Product-E,114,2024-06-12,2024-07-01,In Transit,DE,489,156
SHIP-1307,WH-Marseille,Product-D,360,2024-04-26,2024-06-04,Cancelled,ES,775,550
SHIP-1308,WH-Lyon,Product-E,448,2024-06-19,2024-07-03,Delivered,BE,457,540
SHIP-1309,WH-Toulouse,Product-A,32,2024-04-02,2024-04-07,Cancelled,BE,207,586
SHIP-1310,WH-Lyon,Product-C,438,2024-05-17,2024-05-27,Cancelled,ES,119,696
SHIP-1311,WH-Lille,Product-A,461,2024-02-22,2024-03-31,Cancelled,ES,828,56
SHIP-1312,WH-Toulouse,Product-D,234,2024-04-26,2024-05-05,Cancelled,FR,572,473
SHIP-1313,WH-Paris,Product-D,131,2024-06-21,2024-07-11,Delivered,DE,592,74
SHIP-1314,WH-Marseille,Product-A,278,2024-01-12,2024-02-09,Delivered,FR,956,483
SHIP-1315,WH-Lille,Product-B,394,2024-01-09,2024-01-28,In Transit,ES,383,912
SHIP-1316,WH-Lille,Product-D,42,2024-04-07,2024-05-06,Cancelled,DE,669,880
SHIP-1317,WH-Lyon,Product-E,202,2024-03-30,2024-04-07,Cancelled,DE,745,228
SHIP-1318,WH-Marseille,Product-D,345,2024-01-01,2024-01-03,Cancelled,ES,544,388
SHIP-1319,WH-Lille,Product-C,80,2024-02-28,2024-03-15,Pending,DE,959,896
SHIP-1320,WH-Lille,Product-E,393,2024-01-29,2024-02-01,Delivered,DE,211,68
SHIP-1321,WH-Paris,Product-D,307,2024-01-26,2024-03-05,Delivered,DE,758,45
SHIP-1322,WH-Lyon,Product-E,112,2024-04-12,2024-05-11,Delivered,DE,515,296
SHIP-1323,WH-Marseille,Product-E,307,2024-02-29,2024-04-06,Pending,DE,309,897
SHIP-1324,WH-Toulouse,Product-B,212,2024-02-06,2024-03-20,Pending,IT,62,570
SHIP-1325,WH-Lille,Product-E,254,2024-05-31,2024-06-12,Delivered,IT,964,658
SHIP-1326,WH-Toulouse,Product-C,357,2024-06-20,2024-07-15,Delayed,ES,152,307
SHIP-1327,WH-Toulouse,Product-D,124,2024-04-06,2024-04-18,In Transit,IT,878,724
SHIP-1328,WH-Paris,Product-E,212,2024-02-06,2024-03-07,Delayed,BE,542,137
SHIP-1329,WH-Marseille,Product-B,170,2024-04-09,2024-04-25,Delivered,ES,867,379
SHIP-1330,WH-Lyon,Product-A,138,2024-01-24,2024-02-28,Delayed,BE,617,40
SHIP-1331,WH-Toulouse,Product-E,112,2024-01-19,2024-02-01,Delayed,DE,890,928
SHIP-1332,WH-Paris,Product-B,480,2024-03-26,2024-04-15,In Transit,FR,764,772
SHIP-1333,WH-Toulouse,Product-B,204,2024-05-02,2024-05-18,In Transit,BE,329,794
SHIP-1334,WH-Lille,Product-E,333,2024-03-13,2024-04-07,Pending,IT,267,368
SHIP-1335,WH-Lille,Product-A,412,2024-05-11,2024-06-12,Delayed,IT,936,208
SHIP-1336,WH-Lille,Product-A,289,2024-04-04,2024-04-25,In Transit,DE,16,267
SHIP-1337,WH-Toulouse,Product-D,152,2024-05-21,2024-06-28,In Transit,DE,337,235
SHIP-1338,WH-Lyon,Product-D,282,2024-04-07,2024-05-14,Pending,IT,781,841
SHIP-1339,WH-Lille,Product-D,87,2024-05-05,2024-06-16,Pending,DE,143,737
SHIP-1340,WH-Lyon,Product-E,329,2024-05-19,2024-06-20,Delivered,BE,34,859
SHIP-1341,WH-Paris,Product-A,212,2024-01-20,2024-03-03,In Transit,DE,69,724
SHIP-1342,WH-Lyon,Product-E,234,2024-02-08,2024-02-09,Pending,FR,632,653
SHIP-1343,WH-Lille,Product-D,9,2024-06-19,2024-07-29,Delivered,BE,564,421
SHIP-1344,WH-Toulouse,Product-C,275,2024-01-04,2024-01-06,Pending,FR,514,832
SHIP-1345,WH-Lille,Product-B,55,2024-06-27,2024-08-10,Delivered,BE,152,246
SHIP-1346,WH-Toulouse,Product-C,418,2024-02-19,2024-03-30,Pending,IT,814,406
SHIP-1347,WH-Lille,Product-D,290,2024-01-21,2024-02-14,In Transit,DE,307,700
SHIP-1348,WH-Paris,Product-A,208,2024-01-21,2024-03-03,Delayed,ES,565,487
SHIP-1349,WH-Paris,Product-B,43,2024-01-15,2024-02-25,Delayed,ES,660,803
SHIP-1350,WH-Paris,Product-E,471,2024-03-25,2024-05-01,Delivered,DE,216,922
SHIP-1351,WH-Lille,Product-C,24,2024-06-26,2024-08-02,Delivered,IT,920,556
SHIP-1352,WH-Paris,Product-B,476,2024-05-24,2024-07-06,Pending,FR,984,212
SHIP-1353,WH-Lille,Product-A,154,2024-05-30,2024-06-09,In Transit,BE,246,580
SHIP-1354,WH-Toulouse,Product-C,197,2024-04-09,2024-05-23,In Transit,FR,512,763
SHIP-1355,WH-Paris,Product-D,119,2024-03-29,2024-04-02,Delivered,IT,619,787
SHIP-1356,WH-Lille,Product-C,16,2024-06-06,2024-07-15,Pending,ES,502,233
SHIP-1357,WH-Lille,Product-D,96,2024-04-01,2024-05-07,Cancelled,ES,87,790
SHIP-1358,WH-Lyon,Product-A,43,2024-06-07,2024-06-26,Pending,DE,389,728
SHIP-1359,WH-Lille,Product-C,185,2024-06-11,2024-06-21,Delivered,FR,5,965
SHIP-1360,WH-Marseille,Product-C,53,2024-03-19,2024-04-17,In Transit,FR,191,441
SHIP-1361,WH-Toulouse,Product-E,209,2024-04-24,2024-05-30,Delivered,FR,91,362
SHIP-1362,WH-Toulouse,Product-E,402,2024-05-21,2024-05-27,Pending,ES,12,298
SHIP-1363,WH-Paris,Product-E,464,2024-04-15,2024-05-10,In Transit,BE,533,173
SHIP-1364,WH-Lyon,Product-B,138,2024-06-24,2024-07-19,Pending,IT,504,149
SHIP-1365,WH-Lille,Product-C,216,2024-01-17,2024-01-28,Pending,ES,801,78
SHIP-1366,WH-Lyon,Product-D,305,2024-04-02,2024-04-19,Cancelled,DE,468,109
SHIP-1367,WH-Paris,Product-D,171,2024-02-04,2024-02-24,Cancelled,ES,823,882
SHIP-1368,WH-Marseille,Product-D,418,2024-03-25,2024-04-23,Cancelled,DE,307,328
SHIP-1369,WH-Lyon,Product-D,161,2024-06-03,2024-07-18,In Transit,ES,991,326
SHIP-1370,WH-Lille,Product-E,401,2024-03-15,2024-04-29,In Transit,IT,385,287
SHIP-1371,WH-Paris,Product-E,103,2024-04-10,2024-05-04,Cancelled,BE,184,698
SHIP-1372,WH-Lille,Product-B,225,2024-05-20,2024-05-22,Pending,FR,838,868
SHIP-1373,WH-Lille,Product-B,325,2024-04-14,2024-05-28,Pending,DE,258,674
SHIP-1374,WH-Lille,Product-A,230,2024-02-09,2024-03-08,Cancelled,ES,596,410
SHIP-1375,WH-Lille,Product-E,19,2024-05-16,2024-06-18,Pending,BE,608,653
SHIP-1376,WH-Lyon,Product-C,86,2024-01-22,2024-01-29,Cancelled,FR,576,660
SHIP-1377,WH-Lille,Product-C,495,2024-06-22,2024-08-03,Delayed,FR,10,100
SHIP-1378,WH-Toulouse,Product-E,286,2024-03-07,2024-03-22,Cancelled,BE,226,456
SHIP-1379,WH-Lille,Product-E,354,2024-04-05,2024-05-01,Cancelled,DE,353,25
SHIP-1380,WH-Marseille,Product-D,472,2024-05-03,2024-05-10,Delivered,FR,851,963
SHIP-1381,WH-Marseille,Product-C,234,2024-02-06,2024-02-29,In Transit,BE,494,356
SHIP-1382,WH-Lille,Product-D,164,2024-05-01,2024-05-08,Delivered,IT,45,829
SHIP-1383,WH-Marseille,Product-A,347,2024-01-30,2024-02-01,In Transit,DE,528,178
SHIP-1384,WH-Marseille,Product-E,219,2024-05-21,2024-06-01,Delayed,DE,816,414
SHIP-1385,WH-Lyon,Product-D,203,2024-06-10,2024-06-22,Delivered,BE,904,202
SHIP-1386,WH-Lille,Product-D,3,2024-04-25,2024-06-02,In Transit,DE,285,770
SHIP-1387,WH-Paris,Product-E,96,2024-01-17,2024-02-23,Pending,IT,201,468
SHIP-1388,WH-Lille,Product-E,495,2024-01-30,2024-02-16,Pending,BE,397,625
SHIP-1389,WH-Paris,Product-C,181,2024-04-10,2024-05-18,Delayed,BE,176,833
SHIP-1390,WH-Toulouse,Product-E,44,2024-06-21,2024-07-11,In Transit,IT,120,244
SHIP-1391,WH-Lyon,Product-C,356,2024-03-19,2024-03-27,In Transit,BE,397,428
SHIP-1392,WH-Toulouse,Product-D,217,2024-06-01,2024-06-10,In Transit,ES,650,550
SHIP-1393,WH-Lyon,Product-E,86,2024-06-26,2024-08-07,Delayed,IT,143,191
SHIP-1394,WH-Toulouse,Product-A,444,2024-03-21,2024-04-19,Pending,FR,496,139
SHIP-1395,WH-Toulouse,Product-E,335,2024-02-19,2024-03-15,Delayed,ES,701,503
SHIP-1396,WH-Lille,Product-B,43,2024-04-16,2024-05-15,Cancelled,FR,814,779
SHIP-1397,WH-Paris,Product-C,116,2024-02-26,2024-03-16,Cancelled,IT,172,799
SHIP-1398,WH-Lille,Product-E,262,2024-04-27,2024-06-03,Delivered,BE,116,274
SHIP-1399,WH-Toulouse,Product-A,390,2024-05-19,2024-06-12,Delayed,BE,223,435
SHIP-1400,WH-Lyon,Product-C,448,2024-01-27,2024-03-09,Delivered,ES,269,356
SHIP-1401,WH-Paris,Product-B,108,2024-01-23,2024-02-21,Cancelled,IT,881,727
SHIP-1402,WH-Lille,Product-B,316,2024-06-05,2024-07-16,In Transit,DE,833,211
SHIP-1403,WH-Marseille,Product-E,144,2024-01-16,2024-02-22,Cancelled,BE,172,331
SHIP-1404,WH-Toulouse,Product-C,488,2024-03-15,2024-04-03,Cancelled,FR,138,985
SHIP-1405,WH-Marseille,Product-B,360,2024-04-15,2024-04-19,In Transit,DE,149,728
SHIP-1406,WH-Lille,Product-D,73,2024-03-23,2024-04-08,Cancelled,IT,642,424
SHIP-1407,WH-Paris,Product-A,207,2024-04-06,2024-05-05,Cancelled,IT,711,958
SHIP-1408,WH-Lille,Product-C,298,2024-04-04,2024-05-04,Delivered,FR,748,995
SHIP-1409,WH-Marseille,Product-A,408,2024-04-27,2024-06-07,Cancelled,ES,223,991
SHIP-1410,WH-Lille,Product-C,166,2024-04-19,2024-05-03,Pending,IT,560,591
SHIP-1411,WH-Lille,Product-C,458,2024-02-03,2024-03-11,Delivered,FR,101,641
SHIP-1412,WH-Paris,Product-B,226,2024-04-27,2024-04-29,Delayed,FR,981,438
SHIP-1413,WH-Lyon,Product-C,82,2024-02-21,2024-04-06,Pending,FR,670,369
SHIP-1414,WH-Marseille,Product-B,27,2024-03-05,2024-03-11,Delayed,IT,743,716
SHIP-1415,WH-Paris,Product-A,1,2024-02-29,2024-03-28,In Transit,ES,79,135
SHIP-1416,WH-Toulouse,Product-D,5,2024-05-31,2024-06-15,Delivered,IT,836,123
SHIP-1417,WH-Lyon,Product-D,37,2024-04-18,2024-06-02,In Transit,ES,91,748
SHIP-1418,WH-Marseille,Product-C,452,2024-01-27,2024-02-03,Pending,DE,391,792
SHIP-1419,WH-Lyon,Product-A,272,2024-02-04,2024-03-17,Cancelled,FR,624,665
SHIP-1420,WH-Marseille,Product-B,322,2024-02-12,2024-03-12,In Transit,ES,630,703
SHIP-1421,WH-Paris,Product-A,72,2024-04-23,2024-05-07,Delivered,BE,747,393
SHIP-1422,WH-Marseille,Product-B,127,2024-03-30,2024-04-27,Pending,FR,254,566
SHIP-1423,WH-Toulouse,Product-C,399,2024-06-02,2024-07-11,Delivered,IT,210,530
SHIP-1424,WH-Lyon,Product-D,152,2024-06-04,2024-07-07,Delivered,DE,506,395
SHIP-1425,WH-Lille,Product-E,37,2024-01-29,2024-02-14,Cancelled,FR,369,956
SHIP-1426,WH-Lille,Product-E,216,2024-03-22,2024-03-31,Pending,BE,699,176
SHIP-1427,WH-Paris,Product-E,35,2024-04-30,2024-05-05,Delivered,IT,220,40
SHIP-1428,WH-Toulouse,Product-C,322,2024-01-16,2024-02-11,Cancelled,ES,433,718
SHIP-1429,WH-Toulouse,Product-E,316,2024-04-12,2024-04-18,In Transit,IT,85,317
SHIP-1430,WH-Lyon,Product-B,275,2024-01-21,2024-02-23,Pending,ES,600,649
SHIP-1431,WH-Paris,Product-C,358,2024-06-15,2024-07-29,Delayed,DE,59,250
SHIP-1432,WH-Paris,Product-D,314,2024-01-23,2024-02-20,Cancelled,FR,316,682
SHIP-1433,WH-Paris,Product-A,363,2024-06-17,2024-06-29,In Transit,FR,167,508
SHIP-1434,WH-Toulouse,Product-C,86,2024-03-29,2024-05-02,Pending,DE,767,799
SHIP-1435,WH-Paris,Product-C,414,2024-03-09,2024-03-17,Delayed,IT,536,65
SHIP-1436,WH-Paris,Product-D,234,2024-03-08,2024-04-14,Cancelled,IT,56,511
SHIP-1437,WH-Marseille,Product-B,131,2024-05-25,2024-06-05,Delivered,BE,690,740
SHIP-1438,WH-Toulouse,Product-A,23,2024-01-30,2024-02-14,Delivered,DE,47,483
SHIP-1439,WH-Lyon,Product-B,477,2024-04-03,2024-04-28,Delivered,BE,822,935
SHIP-1440,WH-Lyon,Product-C,128,2024-06-16,2024-07-13,Delayed,IT,277,845
SHIP-1441,WH-Marseille,Product-A,258,2024-01-20,2024-02-26,Delivered,DE,228,823
SHIP-1442,WH-Lille,Product-A,450,2024-05-12,2024-05-15,Delayed,IT,792,865
SHIP-1443,WH-Paris,Product-E,234,2024-03-20,2024-04-10,Delivered,IT,205,298
SHIP-1444,WH-Toulouse,Product-B,238,2024-05-24,2024-06-13,Pending,BE,995,505
SHIP-1445,WH-Lyon,Product-B,4,2024-02-20,2024-03-26,Delayed,FR,238,554
SHIP-1446,WH-Paris,Product-C,1,2024-03-29,2024-05-09,Delayed,IT,106,210
SHIP-1447,WH-Lille,Product-D,493,2024-05-15,2024-05-31,Delivered,DE,728,286
SHIP-1448,WH-Lyon,Product-E,212,2024-01-24,2024-01-27,Pending,ES,997,765
SHIP-1449,WH-Paris,Product-E,69,2024-01-22,2024-02-29,Delayed,FR,606,581
SHIP-1450,WH-Lyon,Product-B,150,2024-01-16,2024-02-13,Pending,IT,948,820
SHIP-1451,WH-Marseille,Product-C,232,2024-04-10,2024-05-25,Pending,DE,76,966
SHIP-1452,WH-Toulouse,Product-A,80,2024-02-21,2024-03-01,Delivered,DE,460,477
SHIP-1453,WH-Paris,Product-E,184,2024-03-21,2024-04-17,In Transit,ES,315,474
SHIP-1454,WH-Paris,Product-B,414,2024-03-08,2024-03-16,Pending,BE,41,220
SHIP-1455,WH-Paris,Product-B,496,2024-03-24,2024-04-03,Pending,ES,525,50
SHIP-1456,WH-Marseille,Product-B,16,2024-06-22,2024-07-12,Delayed,ES,569,766
SHIP-1457,WH-Paris,Product-D,53,2024-05-20,2024-06-05,In Transit,FR,12,63
SHIP-1458,WH-Lyon,Product-D,191,2024-02-26,2024-03-06,Delivered,BE,600,265
SHIP-1459,WH-Paris,Product-B,463,2024-01-20,2024-01-22,Delayed,DE,94,926
SHIP-1460,WH-Paris,Product-D,26,2024-03-25,2024-04-02,In Transit,BE,443,841
SHIP-1461,WH-Paris,Product-D,350,2024-04-11,2024-05-13,Delayed,DE,362,219
SHIP-1462,WH-Marseille,Product-D,453,2024-02-17,2024-03-06,In Transit,FR,628,634
SHIP-1463,WH-Marseille,Product-D,211,2024-06-06,2024-06-22,Cancelled,ES,62,89
SHIP-1464,WH-Lyon,Product-D,103,2024-03-12,2024-04-06,Cancelled,DE,645,821
SHIP-1465,WH-Lille,Product-C,246,2024-05-19,2024-05-21,Cancelled,ES,352,934
SHIP-1466,WH-Marseille,Product-D,139,2024-05-24,2024-06-26,In Transit,FR,326,611
SHIP-1467,WH-Marseille,Product-A,415,2024-02-26,2024-02-28,Delayed,BE,366,785
SHIP-1468,WH-Lyon,Product-A,127,2024-05-29,2024-06-13,In Transit,IT,546,835
SHIP-1469,WH-Toulouse,Product-D,182,2024-01-15,2024-01-30,In Transit,DE,242,606
SHIP-1470,WH-Marseille,Product-E,15,2024-03-22,2024-05-06,Pending,BE,577,145
SHIP-1471,WH-Lille,Product-E,159,2024-05-24,2024-06-06,In Transit,ES,38,92
SHIP-1472,WH-Toulouse,Product-B,11,2024-01-15,2024-01-30,Cancelled,ES,0,339
SHIP-1473,WH-Lyon,Product-C,368,2024-06-06,2024-06-19,In Transit,IT,60,22
SHIP-1474,WH-Lyon,Product-A,434,2024-02-07,2024-03-16,Cancelled,IT,983,74
SHIP-1475,WH-Lille,Product-E,52,2024-04-05,2024-05-18,Pending,IT,330,139
SHIP-1476,WH-Lille,Product-C,90,2024-02-10,2024-03-09,Cancelled,BE,805,365
SHIP-1477,WH-Toulouse,Product-B,194,2024-02-27,2024-04-10,Pending,IT,130,181
SHIP-1478,WH-Toulouse,Product-D,436,2024-01-01,2024-02-15,Cancelled,FR,186,616
SHIP-1479,WH-Lyon,Product-E,54,2024-03-22,2024-05-01,Delayed,DE,339,763
SHIP-1480,WH-Marseille,Product-C,86,2024-01-20,2024-02-05,Delivered,IT,457,11
SHIP-1481,WH-Lyon,Product-A,180,2024-03-08,2024-03-22,Pending,FR,737,1
SHIP-1482,WH-Lille,Product-D,497,2024-01-13,2024-02-07,In Transit,ES,504,902
SHIP-1483,WH-Toulouse,Product-D,52,2024-04-06,2024-04-29,Delayed,BE,666,776
SHIP-1484,WH-Lyon,Product-D,38,2024-06-24,2024-07-09,Delivered,IT,20,326
SHIP-1485,WH-Paris,Product-C,88,2024-03-07,2024-03-14,Delayed,DE,749,76
SHIP-1486,WH-Marseille,Product-E,315,2024-05-20,2024-05-26,Delayed,FR,441,965
SHIP-1487,WH-Toulouse,Product-D,81,2024-06-16,2024-06-27,Delivered,FR,339,210
SHIP-1488,WH-Toulouse,Product-E,136,2024-02-18,2024-03-16,Pending,IT,243,98
SHIP-1489,WH-Toulouse,Product-E,431,2024-01-13,2024-02-08,Delayed,DE,55,369
SHIP-1490,WH-Paris,Product-C,422,2024-01-01,2024-01-29,Cancelled,ES,204,99
SHIP-1491,WH-Lyon,Product-C,42,2024-01-07,2024-01-21,Delayed,FR,315,803
SHIP-1492,WH-Lille,Product-C,47,2024-04-11,2024-05-12,Cancelled,ES,189,379
SHIP-1493,WH-Lyon,Product-D,23,2024-04-07,2024-05-01,Pending,ES,476,269
SHIP-1494,WH-Toulouse,Product-A,78,2024-02-27,2024-03-16,Delivered,FR,684,352
SHIP-1495,WH-Toulouse,Product-B,284,2024-05-18,2024-06-14,Delivered,ES,838,535
SHIP-1496,WH-Lille,Product-E,452,2024-04-17,2024-05-22,In Transit,ES,306,80
SHIP-1497,WH-Toulouse,Product-E,462,2024-04-11,2024-04-14,Cancelled,BE,693,635
SHIP-1498,WH-Lille,Product-B,486,2024-02-07,2024-02-15,In Transit,DE,827,197
SHIP-1499,WH-Lille,Product-A,350,2024-02-02,2024-02-05,Delayed,DE,842,642
SHIP-1500,WH-Marseille,Product-C,467,2024-02-07,2024-03-17,Delivered,FR,397,569
SHIP-1501,WH-Marseille,Product-C,267,2024-04-11,2024-05-17,Delayed,FR,805,717
SHIP-1502,WH-Toulouse,Product-D,58,2024-06-08,2024-07-16,Delayed,DE,151,580
SHIP-1503,WH-Paris,Product-A,289,2024-05-30,2024-07-07,Delivered,IT,888,548
SHIP-1504,WH-Marseille,Product-D,336,2024-03-29,2024-04-25,Delayed,BE,623,484
SHIP-1505,WH-Marseille,Product-D,74,2024-01-10,2024-01-22,Cancelled,BE,697,710
SHIP-1506,WH-Lille,Product-C,354,2024-04-12,2024-04-15,In Transit,FR,763,486
SHIP-1507,WH-Paris,Product-C,419,2024-03-09,2024-04-02,Pending,IT,287,863
SHIP-1508,WH-Paris,Product-B,69,2024-05-05,2024-06-19,Pending,ES,792,845
SHIP-1509,WH-Lille,Product-E,331,2024-03-23,2024-04-10,Delivered,DE,452,216
SHIP-1510,WH-Toulouse,Product-C,421,2024-04-14,2024-05-16,Delivered,BE,810,162
SHIP-1511,WH-Toulouse,Product-D,70,2024-01-17,2024-02-06,Cancelled,BE,29,177
SHIP-1512,WH-Paris,Product-B,17,2024-02-19,2024-03-03,Delayed,FR,940,369
SHIP-1513,WH-Marseille,Product-D,259,2024-02-20,2024-03-09,Delayed,FR,697,31
SHIP-1514,WH-Lille,Product-E,229,2024-03-02,2024-03-26,In Transit,ES,600,564
SHIP-1515,WH-Lyon,Product-C,384,2024-03-30,2024-04-22,Delivered,IT,28,395
SHIP-1516,WH-Toulouse,Product-B,439,2024-01-13,2024-01-24,In Transit,DE,693,211
SHIP-1517,WH-Lille,Product-E,11,2024-03-09,2024-04-20,Delivered,ES,933,135
SHIP-1518,WH-Toulouse,Product-A,115,2024-06-14,2024-06-26,Pending,BE,824,965
SHIP-1519,WH-Marseille,Product-D,459,2024-03-19,2024-04-30,Delayed,IT,470,258
SHIP-1520,WH-Marseille,Product-E,423,2024-02-25,2024-03-26,Cancelled,ES,598,104
SHIP-1521,WH-Marseille,Product-E,332,2024-01-02,2024-02-04,Cancelled,BE,289,305
SHIP-1522,WH-Lille,Product-A,173,2024-06-24,2024-07-01,Pending,IT,882,283
SHIP-1523,WH-Marseille,Product-B,77,2024-03-07,2024-04-18,Cancelled,DE,921,58
SHIP-1524,WH-Marseille,Product-B,370,2024-06-02,2024-06-28,Delivered,ES,302,265
SHIP-1525,WH-Lille,Product-A,299,2024-04-17,2024-05-13,Cancelled,DE,351,743
SHIP-1526,WH-Toulouse,Product-D,465,2024-02-26,2024-04-10,Pending,BE,307,865
SHIP-1527,WH-Toulouse,Product-B,151,2024-02-13,2024-03-27,Delivered,ES,131,758
SHIP-1528,WH-Lyon,Product-C,336,2024-03-07,2024-04-12,Delivered,DE,363,228
SHIP-1529,WH-Marseille,Product-C,134,2024-03-19,2024-04-15,Cancelled,IT,474,871
SHIP-1530,WH-Paris,Product-E,298,2024-01-31,2024-03-02,Cancelled,FR,483,910
SHIP-1531,WH-Paris,Product-D,272,2024-02-19,2024-03-23,Pending,ES,55,891
SHIP-1532,WH-Lyon,Product-C,210,2024-02-08,2024-02-17,Cancelled,ES,146,323
SHIP-1533,WH-Lille,Product-C,324,2024-02-16,2024-02-22,In Transit,IT,649,59
SHIP-1534,WH-Marseille,Product-B,390,2024-01-02,2024-01-31,In Transit,BE,782,162
SHIP-1535,WH-Lyon,Product-E,223,2024-05-05,2024-05-11,Delayed,ES,439,988
SHIP-1536,WH-Paris,Product-A,274,2024-05-02,2024-05-27,In Transit,IT,972,14
SHIP-1537,WH-Lyon,Product-A,347,2024-03-23,2024-04-26,Delivered,DE,231,710
SHIP-1538,WH-Lyon,Product-A,197,2024-03-29,2024-04-18,Cancelled,BE,313,171
SHIP-1539,WH-Marseille,Product-C,234,2024-01-17,2024-01-20,Cancelled,BE,536,345
SHIP-1540,WH-Lyon,Product-C,462,2024-04-21,2024-06-04,Delayed,IT,768,192
SHIP-1541,WH-Paris,Product-B,115,2024-02-12,2024-03-09,In Transit,DE,751,22
SHIP-1542,WH-Lyon,Product-A,188,2024-05-30,2024-07-02,Delivered,ES,897,655
SHIP-1543,WH-Toulouse,Product-A,305,2024-03-06,2024-04-10,Delivered,FR,669,856
SHIP-1544,WH-Paris,Product-D,228,2024-01-06,2024-01-10,Delayed,FR,560,258
SHIP-1545,WH-Lyon,Product-B,356,2024-05-01,2024-06-15,Delivered,IT,430,677
SHIP-1546,WH-Toulouse,Product-C,319,2024-01-26,2024-03-09,Cancelled,DE,428,850
SHIP-1547,WH-Toulouse,Product-A,145,2024-01-27,2024-02-29,Delivered,FR,509,203
SHIP-1548,WH-Marseille,Product-E,499,2024-06-04,2024-06-17,In Transit,IT,720,419
SHIP-1549,WH-Paris,Product-E,255,2024-03-16,2024-03-27,In Transit,ES,338,240
SHIP-1550,WH-Paris,Product-A,428,2024-01-01,2024-01-02,Cancelled,ES,152,972
SHIP-1551,WH-Paris,Product-A,464,2024-01-24,2024-02-26,Pending,DE,467,1000
SHIP-1552,WH-Lille,Product-A,52,2024-03-16,2024-04-02,In Transit,FR,872,297
SHIP-1553,WH-Marseille,Product-D,379,2024-04-02,2024-05-16,Delivered,FR,871,776
SHIP-1554,WH-Lyon,Product-B,169,2024-01-12,2024-01-13,Pending,ES,978,636
SHIP-1555,WH-Marseille,Product-C,94,2024-03-09,2024-03-15,Delivered,ES,409,985
SHIP-1556,WH-Lille,Product-D,410,2024-04-26,2024-05-14,Delayed,DE,115,135
SHIP-1557,WH-Lyon,Product-A,214,2024-06-27,2024-07-01,Cancelled,ES,821,582
SHIP-1558,WH-Lyon,Product-E,195,2024-06-22,2024-07-21,Pending,BE,29,883
SHIP-1559,WH-Lille,Product-D,58,2024-06-24,2024-07-03,Delayed,ES,47,64
SHIP-1560,WH-Marseille,Product-A,361,2024-03-07,2024-04-18,Cancelled,BE,741,578
SHIP-1561,WH-Marseille,Product-E,268,2024-02-27,2024-04-10,Cancelled,FR,443,677
SHIP-1562,WH-Marseille,Product-D,77,2024-03-04,2024-04-04,Cancelled,BE,55,11
SHIP-1563,WH-Toulouse,Product-D,437,2024-06-13,2024-06-24,Delayed,DE,76,769
SHIP-1564,WH-Lyon,Product-C,497,2024-05-05,2024-05-26,Pending,FR,519,228
SHIP-1565,WH-Lille,Product-D,419,2024-05-20,2024-07-01,In Transit,FR,470,454
SHIP-1566,WH-Paris,Product-D,229,2024-05-26,2024-06-24,Pending,FR,509,763
SHIP-1567,WH-Paris,Product-D,212,2024-06-16,2024-06-18,Delivered,BE,562,0
SHIP-1568,WH-Toulouse,Product-C,456,2024-01-24,2024-03-03,Cancelled,BE,211,670
SHIP-1569,WH-Marseille,Product-C,423,2024-06-20,2024-07-20,Delivered,DE,864,465
SHIP-1570,WH-Toulouse,Product-E,243,2024-03-25,2024-04-30,Pending,ES,116,99
SHIP-1571,WH-Paris,Product-C,182,2024-06-17,2024-07-02,Pending,BE,534,382
SHIP-1572,WH-Paris,Product-B,253,2024-06-28,2024-07-05,In Transit,ES,109,260
SHIP-1573,WH-Lyon,Product-A,477,2024-06-05,2024-06-18,Delayed,DE,468,844
SHIP-1574,WH-Paris,Product-D,24,2024-02-18,2024-03-11,Cancelled,FR,790,913
SHIP-1575,WH-Toulouse,Product-E,69,2024-04-25,2024-05-25,Delayed,FR,543,753
SHIP-1576,WH-Lille,Product-E,248,2024-01-13,2024-02-18,Cancelled,DE,708,592
SHIP-1577,WH-Paris,Product-D,337,2024-02-14,2024-02-23,Cancelled,BE,903,329
SHIP-1578,WH-Lille,Product-E,469,2024-05-09,2024-06-03,In Transit,IT,407,986
SHIP-1579,WH-Lille,Product-B,71,2024-03-28,2024-04-16,Delayed,BE,716,907
SHIP-1580,WH-Toulouse,Product-C,365,2024-05-11,2024-05-31,Cancelled,DE,205,214
SHIP-1581,WH-Marseille,Product-B,364,2024-06-08,2024-06-27,In Transit,BE,555,710
SHIP-1582,WH-Paris,Product-C,288,2024-06-12,2024-07-03,Delayed,BE,584,965
SHIP-1583,WH-Toulouse,Product-C,450,2024-06-19,2024-07-16,Delayed,FR,535,109
SHIP-1584,WH-Lyon,Product-A,344,2024-01-07,2024-02-01,Delivered,DE,273,768
SHIP-1585,WH-Marseille,Product-B,430,2024-02-11,2024-03-01,Delivered,IT,208,771
SHIP-1586,WH-Marseille,Product-D,53,2024-05-18,2024-05-21,Cancelled,BE,885,229
SHIP-1587,WH-Lille,Product-B,262,2024-06-14,2024-07-20,Pending,FR,948,390
SHIP-1588,WH-Marseille,Product-E,28,2024-04-09,2024-05-06,Delivered,IT,207,635
SHIP-1589,WH-Marseille,Product-E,280,2024-04-23,2024-05-08,Cancelled,DE,794,742
SHIP-1590,WH-Lille,Product-B,350,2024-02-19,2024-03-09,Delivered,DE,985,177
SHIP-1591,WH-Lille,Product-A,220,2024-05-11,2024-05-19,Pending,BE,270,133
SHIP-1592,WH-Marseille,Product-A,170,2024-02-11,2024-03-20,Delayed,DE,40,157
SHIP-1593,WH-Paris,Product-E,432,2024-03-23,2024-05-01,Pending,ES,808,586
SHIP-1594,WH-Paris,Product-C,270,2024-05-20,2024-06-12,In Transit,DE,533,69
SHIP-1595,WH-Lille,Product-E,275,2024-05-09,2024-05-20,Delayed,FR,357,226
SHIP-1596,WH-Marseille,Product-C,185,2024-02-24,2024-04-07,Pending,DE,973,770
SHIP-1597,WH-Lille,Product-E,422,2024-06-07,2024-07-11,Delivered,FR,684,354
SHIP-1598,WH-Toulouse,Product-E,125,2024-04-24,2024-05-10,Delivered,IT,390,937
SHIP-1599,WH-Marseille,Product-E,371,2024-01-30,2024-02-24,Pending,FR,933,529
SHIP-1600,WH-Toulouse,Product-D,250,2024-04-05,2024-05-08,Delivered,IT,919,667
SHIP-1601,WH-Toulouse,Product-A,486,2024-02-19,2024-03-11,Delivered,DE,994,979
SHIP-1602,WH-Paris,Product-A,108,2024-05-17,2024-06-21,In Transit,ES,855,106
SHIP-1603,WH-Lille,Product-A,383,2024-02-22,2024-03-28,In Transit,FR,470,734
SHIP-1604,WH-Paris,Product-A,28,2024-03-25,2024-03-28,In Transit,IT,571,72
SHIP-1605,WH-Marseille,Product-D,199,2024-05-27,2024-06-11,Delayed,ES,443,323
SHIP-1606,WH-Paris,Product-E,4,2024-01-05,2024-01-30,Cancelled,FR,774,763
SHIP-1607,WH-Paris,Product-C,476,2024-05-29,2024-06-01,Cancelled,FR,296,805
SHIP-1608,WH-Toulouse,Product-A,145,2024-06-24,2024-07-14,Delayed,ES,404,841
SHIP-1609,WH-Lille,Product-B,274,2024-06-18,2024-06-20,In Transit,DE,764,400
SHIP-1610,WH-Lyon,Product-C,347,2024-05-19,2024-06-07,Pending,FR,566,895
SHIP-1611,WH-Paris,Product-A,3,2024-05-22,2024-06-01,Cancelled,BE,403,550
SHIP-1612,WH-Marseille,Product-B,384,2024-05-20,2024-05-26,Pending,DE,422,927
SHIP-1613,WH-Lyon,Product-B,95,2024-06-14,2024-07-17,In Transit,BE,854,258
SHIP-1614,WH-Lyon,Product-E,437,2024-02-19,2024-02-27,Delivered,BE,472,660
SHIP-1615,WH-Marseille,Product-A,129,2024-05-20,2024-05-25,Delivered,DE,743,594
SHIP-1616,WH-Marseille,Product-B,344,2024-05-04,2024-05-26,In Transit,FR,291,634
SHIP-1617,WH-Marseille,Product-D,231,2024-01-18,2024-01-31,Pending,BE,675,313
SHIP-1618,WH-Lyon,Product-E,291,2024-06-26,2024-08-03,Pending,IT,981,438
SHIP-1619,WH-Marseille,Product-B,403,2024-02-13,2024-02-14,In Transit,ES,283,860
SHIP-1620,WH-Marseille,Product-D,237,2024-04-02,2024-04-11,Delayed,IT,793,312
SHIP-1621,WH-Paris,Product-B,331,2024-05-04,2024-06-09,Cancelled,FR,861,287
SHIP-1622,WH-Lyon,Product-C,376,2024-02-05,2024-03-11,Delivered,FR,913,19
SHIP-1623,WH-Paris,Product-E,297,2024-05-09,2024-06-19,Delayed,BE,217,928
SHIP-1624,WH-Marseille,Product-E,458,2024-01-10,2024-02-15,Cancelled,ES,669,793
SHIP-1625,WH-Lille,Product-B,457,2024-02-08,2024-03-03,Cancelled,IT,137,475
SHIP-1626,WH-Paris,Product-D,187,2024-05-08,2024-06-10,Cancelled,FR,678,244
SHIP-1627,WH-Lyon,Product-E,72,2024-06-06,2024-07-20,Delayed,DE,183,579
SHIP-1628,WH-Lyon,Product-D,481,2024-05-24,2024-07-06,Pending,FR,224,779
SHIP-1629,WH-Paris,Product-C,190,2024-05-04,2024-05-19,In Transit,FR,684,211
SHIP-1630,WH-Lille,Product-D,470,2024-05-12,2024-06-05,Delayed,FR,40,664
SHIP-1631,WH-Toulouse,Product-C,428,2024-03-23,2024-03-30,Pending,BE,557,583
SHIP-1632,WH-Lille,Product-C,301,2024-02-14,2024-03-10,Delivered,BE,257,385
SHIP-1633,WH-Lille,Product-C,419,2024-02-27,2024-04-01,Pending,ES,811,493
SHIP-1634,WH-Toulouse,Product-B,226,2024-06-03,2024-06-04,In Transit,DE,78,526
SHIP-1635,WH-Lyon,Product-B,96,2024-06-13,2024-07-01,In Transit,IT,616,734
SHIP-1636,WH-Lyon,Product-D,416,2024-01-31,2024-03-14,Pending,FR,493,691
SHIP-1637,WH-Lyon,Product-E,83,2024-05-02,2024-06-02,Delayed,FR,249,44
SHIP-1638,WH-Toulouse,Product-B,69,2024-02-02,2024-03-10,Cancelled,FR,912,586
SHIP-1639,WH-Lyon,Product-C,473,2024-02-07,2024-02-11,In Transit,BE,981,415
SHIP-1640,WH-Paris,Product-C,485,2024-06-02,2024-07-09,Delivered,DE,459,621
SHIP-1641,WH-Lyon,Product-B,426,2024-04-30,2024-05-31,Delayed,BE,146,813
SHIP-1642,WH-Toulouse,Product-E,136,2024-05-29,2024-06-10,In Transit,IT,944,464
SHIP-1643,WH-Paris,Product-B,194,2024-06-01,2024-07-09,Delayed,DE,111,16
SHIP-1644,WH-Toulouse,Product-D,424,2024-02-21,2024-03-26,In Transit,BE,98,181
SHIP-1645,WH-Toulouse,Product-A,450,2024-05-01,2024-06-10,Cancelled,BE,770,120
SHIP-1646,WH-Lyon,Product-E,277,2024-01-24,2024-02-24,Delivered,ES,534,430
SHIP-1647,WH-Toulouse,Product-D,118,2024-04-04,2024-04-07,Delayed,ES,358,603
SHIP-1648,WH-Paris,Product-D,69,2024-06-27,2024-08-03,Pending,ES,784,238
SHIP-1649,WH-Toulouse,Product-E,210,2024-01-22,2024-02-10,Pending,DE,5,726
SHIP-1650,WH-Toulouse,Product-A,267,2024-01-02,2024-02-08,Delivered,ES,670,210
SHIP-1651,WH-Lille,Product-C,55,2024-06-25,2024-07-16,In Transit,ES,667,599
SHIP-1652,WH-Toulouse,Product-D,290,2024-03-05,2024-03-22,Pending,BE,282,696
SHIP-1653,WH-Lille,Product-E,402,2024-04-11,2024-04-25,Cancelled,ES,183,379
SHIP-1654,WH-Lille,Product-C,158,2024-05-23,2024-06-28,Cancelled,IT,792,722
SHIP-1655,WH-Paris,Product-B,229,2024-04-11,2024-04-20,In Transit,FR,219,520
SHIP-1656,WH-Toulouse,Product-E,357,2024-04-12,2024-05-04,Delivered,DE,398,987
SHIP-1657,WH-Paris,Product-B,242,2024-06-11,2024-06-12,Cancelled,ES,90,65
SHIP-1658,WH-Marseille,Product-A,312,2024-03-08,2024-03-23,Delivered,ES,953,410
SHIP-1659,WH-Toulouse,Product-C,365,2024-06-06,2024-07-18,Cancelled,FR,968,792
SHIP-1660,WH-Lille,Product-D,6,2024-02-14,2024-03-26,In Transit,BE,292,199
SHIP-1661,WH-Toulouse,Product-E,358,2024-01-09,2024-02-17,In Transit,BE,173,690
SHIP-1662,WH-Lyon,Product-A,500,2024-01-10,2024-02-03,In Transit,FR,282,798
SHIP-1663,WH-Lille,Product-D,301,2024-04-12,2024-05-05,In Transit,BE,15,754
SHIP-1664,WH-Toulouse,Product-C,372,2024-01-18,2024-01-24,Cancelled,BE,356,355
SHIP-1665,WH-Toulouse,Product-B,233,2024-03-11,2024-03-26,Delayed,BE,4,267
SHIP-1666,WH-Toulouse,Product-A,287,2024-02-14,2024-03-12,Delivered,BE,301,348
SHIP-1667,WH-Marseille,Product-E,417,2024-01-30,2024-03-03,Cancelled,IT,710,453
SHIP-1668,WH-Lille,Product-B,388,2024-04-06,2024-05-13,Pending,ES,697,471
SHIP-1669,WH-Lille,Product-A,133,2024-05-30,2024-06-01,Delivered,ES,648,807
SHIP-1670,WH-Lyon,Product-C,212,2024-02-26,2024-04-10,Pending,BE,548,9
SHIP-1671,WH-Lyon,Product-C,48,2024-06-28,2024-07-15,Delayed,IT,77,567
SHIP-1672,WH-Marseille,Product-C,112,2024-02-15,2024-03-17,Cancelled,IT,187,969
SHIP-1673,WH-Lille,Product-B,121,2024-06-23,2024-07-06,In Transit,IT,211,234
SHIP-1674,WH-Toulouse,Product-C,80,2024-02-21,2024-03-08,Delivered,FR,942,80
SHIP-1675,WH-Lille,Product-E,4,2024-06-22,2024-08-04,Cancelled,FR,868,493
SHIP-1676,WH-Marseille,Product-D,460,2024-04-05,2024-05-15,Cancelled,IT,502,187
SHIP-1677,WH-Lille,Product-B,385,2024-05-10,2024-05-28,Cancelled,DE,55,538
SHIP-1678,WH-Toulouse,Product-A,258,2024-04-18,2024-05-19,Pending,ES,881,702
SHIP-1679,WH-Paris,Product-E,236,2024-02-14,2024-03-15,Pending,FR,12,690
SHIP-1680,WH-Toulouse,Product-A,167,2024-02-23,2024-03-19,Pending,BE,882,265
SHIP-1681,WH-Marseille,Product-B,138,2024-02-17,2024-03-24,Delayed,BE,351,374
SHIP-1682,WH-Lille,Product-B,215,2024-02-17,2024-03-20,Pending,IT,874,410
SHIP-1683,WH-Lyon,Product-E,68,2024-03-12,2024-04-10,Cancelled,DE,833,102
SHIP-1684,WH-Toulouse,Product-D,439,2024-03-10,2024-03-26,Delayed,DE,149,819
SHIP-1685,WH-Paris,Product-B,216,2024-02-08,2024-03-10,Delayed,DE,914,869
SHIP-1686,WH-Toulouse,Product-C,403,2024-06-10,2024-07-14,Delayed,IT,256,575
SHIP-1687,WH-Lille,Product-A,354,2024-05-25,2024-05-29,In Transit,FR,220,833
SHIP-1688,WH-Paris,Product-D,382,2024-03-06,2024-04-06,Pending,IT,369,368
SHIP-1689,WH-Marseille,Product-C,11,2024-05-23,2024-06-28,Delayed,FR,359,888
SHIP-1690,WH-Lyon,Product-E,295,2024-06-22,2024-07-31,Cancelled,DE,799,291
SHIP-1691,WH-Toulouse,Product-D,397,2024-03-31,2024-04-21,Delayed,FR,390,628
SHIP-1692,WH-Lyon,Product-B,328,2024-03-14,2024-04-13,Pending,ES,646,627
SHIP-1693,WH-Paris,Product-A,83,2024-05-26,2024-06-21,Pending,DE,321,324
SHIP-1694,WH-Marseille,Product-E,331,2024-06-16,2024-07-05,Delayed,IT,908,455
SHIP-1695,WH-Toulouse,Product-D,212,2024-04-02,2024-05-10,In Transit,DE,874,23
SHIP-1696,WH-Marseille,Product-A,108,2024-02-02,2024-02-18,In Transit,ES,105,97
SHIP-1697,WH-Toulouse,Product-A,14,2024-01-17,2024-02-17,Delayed,BE,783,85
SHIP-1698,WH-Toulouse,Product-B,44,2024-01-27,2024-02-13,Delayed,IT,234,253
SHIP-1699,WH-Lyon,Product-B,270,2024-03-13,2024-04-11,In Transit,FR,35,679
SHIP-1700,WH-Lille,Product-D,500,2024-04-01,2024-04-22,Cancelled,IT,561,455
SHIP-1701,WH-Toulouse,Product-B,303,2024-02-04,2024-03-20,Cancelled,ES,646,766
SHIP-1702,WH-Lille,Product-E,328,2024-06-11,2024-07-18,Cancelled,IT,930,355
SHIP-1703,WH-Lyon,Product-A,227,2024-05-03,2024-06-07,Pending,IT,422,266
SHIP-1704,WH-Paris,Product-A,268,2024-02-09,2024-02-29,In Transit,IT,293,480
SHIP-1705,WH-Lille,Product-D,154,2024-05-16,2024-05-17,Delivered,ES,817,299
SHIP-1706,WH-Paris,Product-E,192,2024-06-01,2024-06-16,In Transit,ES,903,574
SHIP-1707,WH-Lyon,Product-B,367,2024-04-21,2024-05-17,Delayed,ES,225,269
SHIP-1708,WH-Lyon,Product-E,392,2024-01-21,2024-02-18,Cancelled,IT,291,664
SHIP-1709,WH-Lille,Product-B,437,2024-05-16,2024-06-03,Delivered,DE,139,296
SHIP-1710,WH-Lille,Product-E,232,2024-01-29,2024-03-10,Pending,BE,503,192
SHIP-1711,WH-Lyon,Product-A,497,2024-03-23,2024-03-25,Cancelled,FR,190,995
SHIP-1712,WH-Marseille,Product-B,367,2024-01-27,2024-02-15,Delayed,FR,238,92
SHIP-1713,WH-Lille,Product-B,176,2024-02-08,2024-02-09,Delayed,IT,804,818
SHIP-1714,WH-Lille,Product-A,170,2024-05-07,2024-05-31,Delivered,DE,57,272
SHIP-1715,WH-Toulouse,Product-D,93,2024-04-10,2024-04-15,In Transit,IT,836,390
SHIP-1716,WH-Lyon,Product-D,395,2024-01-04,2024-01-12,Delayed,DE,755,34
SHIP-1717,WH-Paris,Product-E,341,2024-02-20,2024-03-21,In Transit,ES,398,697
SHIP-1718,WH-Lyon,Product-A,382,2024-03-20,2024-04-10,Cancelled,BE,125,259
SHIP-1719,WH-Marseille,Product-B,185,2024-05-03,2024-06-13,Delivered,DE,996,115
SHIP-1720,WH-Lille,Product-C,8,2024-03-01,2024-04-11,In Transit,IT,598,122
SHIP-1721,WH-Paris,Product-A,298,2024-04-11,2024-04-27,Delayed,BE,158,380
SHIP-1722,WH-Lyon,Product-D,47,2024-01-23,2024-02-08,Cancelled,IT,953,992
SHIP-1723,WH-Paris,Product-C,331,2024-06-09,2024-06-13,In Transit,BE,810,109
SHIP-1724,WH-Lyon,Product-C,286,2024-02-02,2024-03-05,Pending,ES,750,197
SHIP-1725,WH-Lille,Product-C,371,2024-01-06,2024-02-20,In Transit,IT,920,40
SHIP-1726,WH-Toulouse,Product-C,278,2024-05-04,2024-06-02,Delayed,DE,580,191
SHIP-1727,WH-Marseille,Product-D,141,2024-05-19,2024-06-11,Cancelled,BE,164,70
SHIP-1728,WH-Lille,Product-C,420,2024-05-15,2024-05-25,Pending,BE,375,464
SHIP-1729,WH-Toulouse,Product-D,376,2024-01-01,2024-02-11,In Transit,FR,634,877
SHIP-1730,WH-Lyon,Product-C,370,2024-04-03,2024-05-13,Delivered,BE,838,396
SHIP-1731,WH-Lille,Product-E,79,2024-02-18,2024-03-23,Cancelled,IT,330,419
SHIP-1732,WH-Paris,Product-A,268,2024-06-13,2024-07-04,Delivered,FR,855,960
SHIP-1733,WH-Paris,Product-B,55,2024-02-03,2024-02-15,Delayed,DE,101,32
SHIP-1734,WH-Lille,Product-D,270,2024-05-26,2024-07-07,Cancelled,BE,262,50
SHIP-1735,WH-Toulouse,Product-A,7,2024-04-03,2024-04-18,In Transit,ES,950,911
SHIP-1736,WH-Paris,Product-C,286,2024-01-21,2024-02-20,Delayed,IT,813,725
SHIP-1737,WH-Marseille,Product-E,21,2024-01-15,2024-02-24,Delivered,IT,79,967
SHIP-1738,WH-Paris,Product-A,372,2024-02-25,2024-03-30,In Transit,BE,394,194
SHIP-1739,WH-Lyon,Product-E,321,2024-02-19,2024-03-24,In Transit,BE,767,571
SHIP-1740,WH-Toulouse,Product-C,346,2024-04-16,2024-04-23,Delayed,ES,904,106
SHIP-1741,WH-Toulouse,Product-D,259,2024-02-12,2024-02-24,Pending,DE,546,614
SHIP-1742,WH-Marseille,Product-E,167,2024-04-23,2024-05-16,Pending,ES,782,648
SHIP-1743,WH-Toulouse,Product-B,289,2024-04-20,2024-05-11,Cancelled,DE,384,784
SHIP-1744,WH-Marseille,Product-D,230,2024-05-20,2024-06-06,Delayed,FR,743,35
SHIP-1745,WH-Paris,Product-E,70,2024-03-13,2024-04-21,Pending,FR,307,227
SHIP-1746,WH-Paris,Product-C,471,2024-02-24,2024-03-16,Cancelled,BE,569,584
SHIP-1747,WH-Paris,Product-A,236,2024-05-26,2024-06-05,Pending,DE,141,271
SHIP-1748,WH-Lyon,Product-B,132,2024-04-03,2024-05-11,Pending,FR,584,409
SHIP-1749,WH-Paris,Product-C,406,2024-05-25,2024-06-08,Delayed,DE,499,845
SHIP-1750,WH-Toulouse,Product-A,305,2024-06-25,2024-08-09,Pending,FR,748,827
SHIP-1751,WH-Paris,Product-A,472,2024-05-27,2024-06-21,Pending,IT,900,836
SHIP-1752,WH-Paris,Product-B,383,2024-04-21,2024-05-18,Cancelled,FR,649,796
SHIP-1753,WH-Paris,Product-C,269,2024-06-10,2024-07-05,Delivered,IT,552,578
SHIP-1754,WH-Toulouse,Product-B,79,2024-02-08,2024-02-29,Delivered,ES,994,456
SHIP-1755,WH-Toulouse,Product-A,114,2024-06-01,2024-07-08,Delayed,IT,805,403
SHIP-1756,WH-Marseille,Product-A,244,2024-02-07,2024-02-16,Cancelled,FR,561,408
SHIP-1757,WH-Lille,Product-E,223,2024-03-08,2024-03-14,In Transit,DE,492,572
SHIP-1758,WH-Lille,Product-E,101,2024-02-20,2024-03-23,Cancelled,BE,753,536
SHIP-1759,WH-Paris,Product-C,398,2024-03-04,2024-03-20,Delayed,IT,701,946
SHIP-1760,WH-Paris,Product-D,217,2024-05-27,2024-06-02,Pending,IT,195,328
SHIP-1761,WH-Paris,Product-C,87,2024-03-29,2024-05-07,Pending,BE,841,822
SHIP-1762,WH-Lyon,Product-D,23,2024-04-23,2024-06-02,In Transit,DE,701,382
SHIP-1763,WH-Paris,Product-A,125,2024-02-09,2024-02-15,Cancelled,DE,889,852
SHIP-1764,WH-Marseille,Product-A,157,2024-03-14,2024-03-15,Delayed,ES,23,339
SHIP-1765,WH-Lyon,Product-B,280,2024-02-23,2024-03-29,Cancelled,IT,561,494
SHIP-1766,WH-Paris,Product-D,299,2024-06-08,2024-06-18,Cancelled,FR,261,174
SHIP-1767,WH-Lyon,Product-E,139,2024-01-16,2024-02-04,Delivered,ES,670,967
SHIP-1768,WH-Lille,Product-C,340,2024-01-03,2024-01-08,Pending,FR,19,299
SHIP-1769,WH-Lyon,Product-D,261,2024-06-15,2024-07-10,Delivered,IT,496,887
SHIP-1770,WH-Paris,Product-B,102,2024-06-01,2024-07-06,Cancelled,ES,574,948
SHIP-1771,WH-Lyon,Product-E,157,2024-01-06,2024-01-09,Pending,ES,402,762
SHIP-1772,WH-Marseille,Product-C,182,2024-02-10,2024-02-12,Pending,DE,513,282
SHIP-1773,WH-Marseille,Product-D,456,2024-01-16,2024-02-26,Delivered,BE,971,286
SHIP-1774,WH-Marseille,Product-D,337,2024-02-27,2024-03-08,In Transit,FR,747,391
SHIP-1775,WH-Toulouse,Product-B,214,2024-05-13,2024-06-26,In Transit,BE,156,436
SHIP-1776,WH-Marseille,Product-D,278,2024-03-20,2024-04-28,In Transit,DE,668,141
SHIP-1777,WH-Lyon,Product-B,159,2024-05-28,2024-07-02,Cancelled,DE,440,930
SHIP-1778,WH-Toulouse,Product-B,163,2024-02-07,2024-03-20,Delivered,BE,545,971
SHIP-1779,WH-Marseille,Product-B,373,2024-01-31,2024-02-12,Delivered,IT,901,996
SHIP-1780,WH-Marseille,Product-D,382,2024-04-15,2024-05-12,Pending,DE,797,192
SHIP-1781,WH-Lyon,Product-A,391,2024-01-28,2024-02-06,Cancelled,BE,273,620
SHIP-1782,WH-Lyon,Product-E,119,2024-05-25,2024-07-04,In Transit,FR,367,81
SHIP-1783,WH-Lyon,Product-E,434,2024-06-25,2024-07-26,Cancelled,ES,729,665
SHIP-1784,WH-Lille,Product-D,243,2024-04-05,2024-04-17,In Transit,DE,197,231
SHIP-1785,WH-Paris,Product-C,487,2024-01-09,2024-02-05,Delayed,DE,760,687
SHIP-1786,WH-Paris,Product-B,475,2024-02-21,2024-03-06,Delayed,BE,501,704
SHIP-1787,WH-Lyon,Product-D,208,2024-03-24,2024-04-23,Delivered,BE,752,844
SHIP-1788,WH-Lille,Product-E,481,2024-04-07,2024-04-28,Cancelled,BE,549,537
SHIP-1789,WH-Toulouse,Product-A,232,2024-06-13,2024-06-16,Delayed,FR,898,251
SHIP-1790,WH-Lille,Product-A,286,2024-05-12,2024-06-16,Delayed,BE,783,645
SHIP-1791,WH-Marseille,Product-D,204,2024-01-13,2024-01-26,Pending,IT,472,170
SHIP-1792,WH-Toulouse,Product-A,354,2024-04-18,2024-05-07,Cancelled,DE,474,849
SHIP-1793,WH-Paris,Product-E,58,2024-06-14,2024-07-13,In Transit,BE,960,915
SHIP-1794,WH-Lyon,Product-D,212,2024-06-27,2024-08-01,Pending,ES,25,183
SHIP-1795,WH-Lyon,Product-D,47,2024-04-26,2024-06-03,Pending,IT,708,664
SHIP-1796,WH-Paris,Product-A,362,2024-02-11,2024-02-19,Delayed,IT,87,536
SHIP-1797,WH-Toulouse,Product-B,194,2024-04-08,2024-05-11,Cancelled,ES,44,786
SHIP-1798,WH-Toulouse,Product-B,84,2024-02-13,2024-03-06,In Transit,DE,787,729
SHIP-1799,WH-Marseille,Product-C,374,2024-01-14,2024-02-10,Delayed,IT,641,185
SHIP-1800,WH-Lyon,Product-A,319,2024-01-31,2024-02-09,Pending,FR,469,509
SHIP-1801,WH-Paris,Product-E,452,2024-05-07,2024-06-11,Delayed,DE,222,602
SHIP-1802,WH-Lille,Product-D,227,2024-06-17,2024-07-18,Delivered,BE,614,6
SHIP-1803,WH-Marseille,Product-E,322,2024-03-03,2024-04-08,Cancelled,DE,50,189
SHIP-1804,WH-Marseille,Product-A,75,2024-02-07,2024-02-11,Delivered,BE,858,617
SHIP-1805,WH-Paris,Product-A,56,2024-03-17,2024-04-08,Delayed,DE,165,688
SHIP-1806,WH-Toulouse,Product-E,404,2024-03-13,2024-04-22,Cancelled,DE,989,466
SHIP-1807,WH-Paris,Product-A,394,2024-05-28,2024-06-21,Pending,IT,377,919
SHIP-1808,WH-Lille,Product-E,34,2024-04-07,2024-04-12,Pending,ES,137,124
SHIP-1809,WH-Marseille,Product-E,212,2024-06-26,2024-07-14,Cancelled,DE,712,214
SHIP-1810,WH-Paris,Product-E,374,2024-06-05,2024-06-09,Cancelled,FR,495,741
SHIP-1811,WH-Marseille,Product-D,312,2024-06-25,2024-08-03,Pending,IT,538,588
SHIP-1812,WH-Lyon,Product-E,289,2024-06-08,2024-07-01,Delayed,BE,746,647
SHIP-1813,WH-Lyon,Product-E,120,2024-05-07,2024-06-08,Pending,DE,1,121
SHIP-1814,WH-Paris,Product-B,410,2024-01-07,2024-02-06,Cancelled,ES,423,46
SHIP-1815,WH-Toulouse,Product-B,6,2024-03-26,2024-04-18,In Transit,IT,260,809
SHIP-1816,WH-Marseille,Product-E,282,2024-01-18,2024-02-07,Pending,FR,116,702
SHIP-1817,WH-Lille,Product-E,316,2024-03-26,2024-04-17,Delivered,DE,198,338
SHIP-1818,WH-Lille,Product-D,409,2024-03-27,2024-05-10,Delivered,DE,493,159
SHIP-1819,WH-Toulouse,Product-C,237,2024-06-09,2024-07-09,Delayed,FR,855,533
SHIP-1820,WH-Marseille,Product-E,275,2024-03-17,2024-04-23,Delivered,DE,591,701
SHIP-1821,WH-Paris,Product-B,144,2024-03-25,2024-04-17,Delivered,IT,384,641
SHIP-1822,WH-Toulouse,Product-E,200,2024-05-16,2024-05-27,In Transit,BE,119,885
SHIP-1823,WH-Paris,Product-C,212,2024-03-19,2024-04-09,Delivered,ES,898,243
SHIP-1824,WH-Marseille,Product-B,269,2024-04-05,2024-05-04,Pending,DE,114,383
SHIP-1825,WH-Paris,Product-D,260,2024-01-10,2024-01-23,Delivered,ES,926,512
SHIP-1826,WH-Marseille,Product-D,376,2024-02-09,2024-02-22,Cancelled,IT,794,335
SHIP-1827,WH-Toulouse,Product-B,106,2024-02-06,2024-02-13,Delivered,ES,396,730
SHIP-1828,WH-Paris,Product-C,478,2024-05-13,2024-05-21,Delivered,BE,892,89
SHIP-1829,WH-Paris,Product-A,267,2024-03-26,2024-04-25,Pending,FR,591,776
SHIP-1830,WH-Lyon,Product-C,103,2024-03-20,2024-04-30,In Transit,IT,283,545
SHIP-1831,WH-Paris,Product-C,77,2024-03-22,2024-04-20,In Transit,IT,117,15
SHIP-1832,WH-Toulouse,Product-A,106,2024-06-08,2024-07-14,Cancelled,IT,562,326
SHIP-1833,WH-Marseille,Product-E,126,2024-03-10,2024-03-20,In Transit,FR,318,627
SHIP-1834,WH-Lille,Product-A,67,2024-03-27,2024-05-01,Delivered,ES,924,691
SHIP-1835,WH-Lille,Product-A,45,2024-01-13,2024-01-20,Delayed,ES,183,721
SHIP-1836,WH-Lille,Product-E,183,2024-06-01,2024-07-09,Pending,IT,837,202
SHIP-1837,WH-Paris,Product-D,291,2024-06-20,2024-07-25,In Transit,FR,832,821
SHIP-1838,WH-Paris,Product-D,159,2024-06-27,2024-07-27,Delayed,ES,237,970
SHIP-1839,WH-Toulouse,Product-C,468,2024-02-27,2024-03-08,Pending,ES,187,716
SHIP-1840,WH-Marseille,Product-D,250,2024-06-19,2024-07-11,Delivered,FR,486,115
SHIP-1841,WH-Lille,Product-B,145,2024-03-30,2024-04-30,Pending,BE,588,130
SHIP-1842,WH-Lille,Product-A,167,2024-05-10,2024-05-17,Cancelled,FR,811,309
SHIP-1843,WH-Lille,Product-E,212,2024-05-16,2024-06-15,In Transit,BE,249,561
SHIP-1844,WH-Lille,Product-A,175,2024-02-10,2024-03-12,In Transit,BE,441,803
SHIP-1845,WH-Marseille,Product-E,356,2024-04-21,2024-05-28,In Transit,DE,678,685
SHIP-1846,WH-Lille,Product-A,304,2024-01-20,2024-02-26,Cancelled,ES,333,568
SHIP-1847,WH-Lyon,Product-C,490,2024-01-25,2024-02-23,Delayed,FR,612,111
SHIP-1848,WH-Lille,Product-C,254,2024-06-24,2024-08-02,Delivered,FR,222,836
SHIP-1849,WH-Paris,Product-B,339,2024-02-05,2024-03-14,In Transit,ES,544,298
SHIP-1850,WH-Toulouse,Product-D,101,2024-04-09,2024-05-19,In Transit,IT,306,583
SHIP-1851,WH-Lille,Product-C,46,2024-06-22,2024-07-12,Cancelled,FR,626,522
SHIP-1852,WH-Marseille,Product-A,190,2024-04-13,2024-04-22,Cancelled,FR,0,720
SHIP-1853,WH-Paris,Product-C,444,2024-05-23,2024-06-15,Delivered,DE,442,719
SHIP-1854,WH-Marseille,Product-D,208,2024-05-31,2024-06-26,Delayed,ES,558,216
SHIP-1855,WH-Lille,Product-B,97,2024-06-18,2024-06-30,Cancelled,ES,863,946
SHIP-1856,WH-Lyon,Product-C,447,2024-04-02,2024-04-29,In Transit,DE,11,73
SHIP-1857,WH-Lyon,Product-D,337,2024-06-14,2024-06-16,Delayed,DE,86,140
SHIP-1858,WH-Lille,Product-E,477,2024-06-13,2024-07-10,Delayed,BE,184,465
SHIP-1859,WH-Toulouse,Product-D,197,2024-05-10,2024-06-07,Pending,DE,190,434
SHIP-1860,WH-Toulouse,Product-D,434,2024-06-03,2024-06-04,In Transit,BE,275,420
SHIP-1861,WH-Marseille,Product-A,20,2024-05-19,2024-06-25,Cancelled,ES,721,377
SHIP-1862,WH-Lille,Product-A,73,2024-01-29,2024-03-07,Cancelled,IT,476,529
SHIP-1863,WH-Toulouse,Product-A,126,2024-01-21,2024-02-24,Delayed,FR,700,648
SHIP-1864,WH-Marseille,Product-E,28,2024-05-18,2024-06-25,Pending,BE,797,11
SHIP-1865,WH-Toulouse,Product-D,294,2024-04-30,2024-05-30,Pending,ES,361,983
SHIP-1866,WH-Lyon,Product-A,356,2024-03-16,2024-04-04,Cancelled,IT,744,803
SHIP-1867,WH-Paris,Product-D,297,2024-05-24,2024-06-10,In Transit,BE,52,672
SHIP-1868,WH-Paris,Product-C,249,2024-03-15,2024-04-24,Delivered,DE,517,78
SHIP-1869,WH-Lyon,Product-E,144,2024-03-12,2024-03-29,Pending,IT,14,759
SHIP-1870,WH-Lyon,Product-E,379,2024-01-29,2024-03-08,In Transit,ES,378,827
SHIP-1871,WH-Lyon,Product-D,93,2024-02-14,2024-03-02,Cancelled,FR,351,86
SHIP-1872,WH-Lyon,Product-D,386,2024-02-07,2024-03-17,Delayed,ES,243,676
SHIP-1873,WH-Lyon,Product-B,296,2024-04-22,2024-06-02,Pending,FR,657,270
SHIP-1874,WH-Lyon,Product-D,205,2024-01-30,2024-02-03,Delayed,IT,487,764
SHIP-1875,WH-Lille,Product-D,243,2024-05-16,2024-05-31,Pending,DE,543,891
SHIP-1876,WH-Marseille,Product-D,196,2024-04-21,2024-04-22,Pending,BE,699,978
SHIP-1877,WH-Toulouse,Product-C,490,2024-01-11,2024-01-18,Delayed,BE,940,667
SHIP-1878,WH-Marseille,Product-C,411,2024-03-10,2024-04-01,Delivered,IT,670,598
SHIP-1879,WH-Lyon,Product-E,395,2024-04-10,2024-05-10,In Transit,BE,345,693
SHIP-1880,WH-Marseille,Product-E,6,2024-06-25,2024-07-07,Delivered,FR,12,421
SHIP-1881,WH-Paris,Product-D,180,2024-01-26,2024-02-29,In Transit,IT,257,197
SHIP-1882,WH-Toulouse,Product-A,30,2024-01-09,2024-01-11,Cancelled,DE,973,613
SHIP-1883,WH-Paris,Product-A,439,2024-06-12,2024-06-20,Cancelled,DE,384,672
SHIP-1884,WH-Lyon,Product-A,357,2024-06-14,2024-07-21,In Transit,IT,301,478
SHIP-1885,WH-Lille,Product-C,394,2024-06-18,2024-06-23,Delayed,IT,263,165
SHIP-1886,WH-Paris,Product-D,199,2024-01-19,2024-02-06,Pending,FR,264,978
SHIP-1887,WH-Lille,Product-A,252,2024-03-08,2024-03-20,In Transit,BE,402,182
SHIP-1888,WH-Paris,Product-B,277,2024-06-14,2024-07-16,Delayed,DE,628,658
SHIP-1889,WH-Marseille,Product-A,18,2024-01-28,2024-02-26,Delivered,FR,585,745
SHIP-1890,WH-Paris,Product-D,77,2024-03-05,2024-04-03,Delivered,FR,680,399
SHIP-1891,WH-Marseille,Product-D,295,2024-03-09,2024-03-19,Delivered,BE,724,962
SHIP-1892,WH-Lille,Product-D,433,2024-05-05,2024-06-05,Delivered,BE,231,3
SHIP-1893,WH-Lille,Product-A,291,2024-04-08,2024-05-23,Cancelled,IT,341,698
SHIP-1894,WH-Paris,Product-A,188,2024-03-18,2024-04-13,Cancelled,IT,82,861
SHIP-1895,WH-Lyon,Product-B,284,2024-04-27,2024-05-16,Delivered,ES,676,195
SHIP-1896,WH-Lille,Product-A,323,2024-03-17,2024-05-01,Pending,ES,86,906
SHIP-1897,WH-Lyon,Product-B,19,2024-06-10,2024-07-09,In Transit,FR,737,607
SHIP-1898,WH-Lille,Product-A,406,2024-03-02,2024-04-03,Cancelled,IT,511,546
SHIP-1899,WH-Paris,Product-C,29,2024-04-25,2024-04-27,Pending,FR,415,121
SHIP-1900,WH-Toulouse,Product-D,482,2024-02-24,2024-04-06,Cancelled,DE,758,593
SHIP-1901,WH-Paris,Product-B,251,2024-02-29,2024-03-05,Delivered,ES,928,940
SHIP-1902,WH-Lyon,Product-B,8,2024-06-07,2024-06-10,In Transit,FR,926,314
SHIP-1903,WH-Toulouse,Product-B,428,2024-01-25,2024-02-24,Cancelled,FR,837,837
SHIP-1904,WH-Lille,Product-E,410,2024-01-28,2024-02-05,Cancelled,DE,64,823
SHIP-1905,WH-Marseille,Product-D,167,2024-02-21,2024-03-20,Delivered,BE,558,140
SHIP-1906,WH-Paris,Product-E,89,2024-03-23,2024-04-06,Pending,FR,123,280
SHIP-1907,WH-Lyon,Product-C,284,2024-02-06,2024-03-04,In Transit,ES,249,947
SHIP-1908,WH-Lyon,Product-A,406,2024-05-28,2024-05-31,Cancelled,ES,796,161
SHIP-1909,WH-Paris,Product-A,4,2024-01-05,2024-02-06,In Transit,FR,723,667
SHIP-1910,WH-Lille,Product-D,355,2024-05-31,2024-06-19,In Transit,DE,146,655
SHIP-1911,WH-Lille,Product-D,123,2024-03-10,2024-04-13,In Transit,BE,708,38
SHIP-1912,WH-Lille,Product-E,487,2024-06-01,2024-06-13,Delivered,IT,356,428
SHIP-1913,WH-Lyon,Product-B,61,2024-01-02,2024-02-07,Cancelled,FR,633,370
SHIP-1914,WH-Lyon,Product-D,395,2024-05-18,2024-06-20,In Transit,IT,54,198
SHIP-1915,WH-Lille,Product-D,91,2024-01-29,2024-02-08,In Transit,FR,55,660
SHIP-1916,WH-Lyon,Product-D,129,2024-04-03,2024-04-22,Pending,BE,824,911
SHIP-1917,WH-Paris,Product-A,474,2024-04-26,2024-04-29,Cancelled,DE,161,804
SHIP-1918,WH-Toulouse,Product-A,37,2024-01-08,2024-02-09,In Transit,ES,606,593
SHIP-1919,WH-Lyon,Product-C,118,2024-03-24,2024-04-20,Delivered,IT,233,100
SHIP-1920,WH-Lyon,Product-D,457,2024-03-01,2024-03-28,In Transit,FR,482,599
SHIP-1921,WH-Lille,Product-B,111,2024-05-04,2024-05-08,Cancelled,ES,182,396
SHIP-1922,WH-Lille,Product-B,324,2024-04-05,2024-04-14,Pending,IT,207,343
SHIP-1923,WH-Toulouse,Product-A,144,2024-02-02,2024-02-05,In Transit,FR,872,476
SHIP-1924,WH-Lyon,Product-C,113,2024-04-27,2024-05-24,Pending,BE,160,808
SHIP-1925,WH-Lyon,Product-E,497,2024-06-12,2024-07-22,Cancelled,DE,88,421
SHIP-1926,WH-Lyon,Product-E,243,2024-05-13,2024-06-14,Delayed,IT,14,747
SHIP-1927,WH-Lyon,Product-C,223,2024-04-19,2024-05-05,Cancelled,DE,913,949
SHIP-1928,WH-Toulouse,Product-A,214,2024-05-31,2024-06-10,Delivered,FR,481,751
SHIP-1929,WH-Lille,Product-E,202,2024-05-09,2024-05-12,Delayed,FR,463,507
SHIP-1930,WH-Toulouse,Product-A,355,2024-03-02,2024-03-08,Delayed,DE,135,367
SHIP-1931,WH-Paris,Product-A,246,2024-03-16,2024-04-01,Pending,DE,720,470
SHIP-1932,WH-Paris,Product-D,238,2024-05-26,2024-07-03,In Transit,ES,189,808
SHIP-1933,WH-Lille,Product-A,441,2024-04-04,2024-05-15,Delivered,ES,914,707
SHIP-1934,WH-Paris,Product-C,219,2024-03-26,2024-04-29,Pending,BE,555,589
SHIP-1935,WH-Paris,Product-E,451,2024-02-23,2024-04-07,Pending,FR,527,968
SHIP-1936,WH-Paris,Product-A,197,2024-06-21,2024-07-15,Pending,ES,633,41
SHIP-1937,WH-Lyon,Product-E,361,2024-04-03,2024-04-27,Delivered,BE,726,792
SHIP-1938,WH-Marseille,Product-B,277,2024-02-22,2024-03-02,Delivered,ES,755,961
SHIP-1939,WH-Lyon,Product-B,165,2024-05-28,2024-07-12,Pending,IT,515,696
SHIP-1940,WH-Paris,Product-A,191,2024-04-18,2024-05-06,Pending,ES,497,513
SHIP-1941,WH-Lille,Product-E,348,2024-05-14,2024-05-22,Cancelled,IT,462,635
SHIP-1942,WH-Paris,Product-B,457,2024-04-04,2024-05-18,Delayed,FR,82,400
SHIP-1943,WH-Paris,Product-A,85,2024-02-15,2024-03-05,Pending,FR,713,151
SHIP-1944,WH-Lyon,Product-E,488,2024-05-07,2024-05-17,Delivered,IT,426,992
SHIP-1945,WH-Lyon,Product-D,178,2024-06-23,2024-07-28,Delayed,ES,755,660
SHIP-1946,WH-Lyon,Product-A,12,2024-01-06,2024-01-25,In Transit,BE,660,343
SHIP-1947,WH-Marseille,Product-C,249,2024-04-15,2024-05-23,Cancelled,BE,862,561
SHIP-1948,WH-Marseille,Product-E,68,2024-04-23,2024-05-23,Pending,DE,808,266
SHIP-1949,WH-Marseille,Product-C,395,2024-02-28,2024-03-30,Delivered,DE,361,291
SHIP-1950,WH-Toulouse,Product-B,365,2024-04-26,2024-05-07,Cancelled,IT,186,996
SHIP-1951,WH-Lyon,Product-B,122,2024-02-14,2024-03-30,Delivered,FR,324,588
SHIP-1952,WH-Marseille,Product-C,95,2024-02-02,2024-03-02,In Transit,BE,724,35
SHIP-1953,WH-Marseille,Product-B,191,2024-06-19,2024-07-10,Delayed,BE,998,166
SHIP-1954,WH-Paris,Product-A,208,2024-05-16,2024-06-05,Delayed,DE,970,469
SHIP-1955,WH-Paris,Product-E,500,2024-03-22,2024-04-01,Cancelled,IT,662,722
SHIP-1956,WH-Marseille,Product-E,342,2024-03-16,2024-04-16,In Transit,BE,746,928
SHIP-1957,WH-Paris,Product-D,461,2024-04-23,2024-05-15,Delivered,DE,694,564
SHIP-1958,WH-Paris,Product-D,317,2024-01-30,2024-02-19,In Transit,ES,365,94
SHIP-1959,WH-Toulouse,Product-B,299,2024-03-24,2024-03-28,Cancelled,DE,800,958
SHIP-1960,WH-Paris,Product-A,276,2024-03-12,2024-03-25,Delayed,FR,999,524
SHIP-1961,WH-Lille,Product-C,309,2024-04-10,2024-04-23,Cancelled,BE,966,57
SHIP-1962,WH-Lille,Product-B,367,2024-06-19,2024-07-13,Delayed,IT,395,381
SHIP-1963,WH-Marseille,Product-C,158,2024-01-04,2024-01-23,Delayed,BE,89,220
SHIP-1964,WH-Lille,Product-C,84,2024-04-23,2024-05-20,Delayed,ES,142,855
SHIP-1965,WH-Paris,Product-B,107,2024-05-30,2024-07-08,Pending,ES,888,537
SHIP-1966,WH-Toulouse,Product-D,46,2024-03-26,2024-03-31,Delivered,ES,654,936
SHIP-1967,WH-Lyon,Product-E,237,2024-03-10,2024-04-06,Cancelled,DE,204,190
SHIP-1968,WH-Toulouse,Product-D,22,2024-04-07,2024-04-26,Pending,BE,311,505
SHIP-1969,WH-Lyon,Product-A,406,2024-05-23,2024-06-22,Delivered,DE,268,307
SHIP-1970,WH-Lille,Product-A,335,2024-06-12,2024-07-23,Pending,ES,183,503
SHIP-1971,WH-Lyon,Product-A,62,2024-06-25,2024-08-06,Pending,ES,993,68
SHIP-1972,WH-Toulouse,Product-D,290,2024-06-02,2024-06-26,Delayed,IT,643,702
SHIP-1973,WH-Paris,Product-C,263,2024-05-01,2024-06-15,Cancelled,FR,865,265
SHIP-1974,WH-Paris,Product-B,164,2024-02-11,2024-03-20,Delayed,DE,365,167
SHIP-1975,WH-Marseille,Product-D,326,2024-01-14,2024-02-01,Pending,FR,296,298
SHIP-1976,WH-Paris,Product-E,100,2024-05-15,2024-06-25,In Transit,FR,613,770
SHIP-1977,WH-Marseille,Product-C,424,2024-02-12,2024-03-18,Pending,IT,701,714
SHIP-1978,WH-Paris,Product-E,297,2024-06-25,2024-07-19,Pending,DE,13,140
SHIP-1979,WH-Marseille,Product-D,211,2024-05-12,2024-05-31,Pending,DE,104,223
SHIP-1980,WH-Lyon,Product-B,408,2024-02-09,2024-03-13,Cancelled,BE,706,851
SHIP-1981,WH-Toulouse,Product-A,214,2024-05-14,2024-06-18,Delayed,FR,119,838
SHIP-1982,WH-Lille,Product-C,160,2024-02-03,2024-02-05,Pending,DE,836,452
SHIP-1983,WH-Marseille,Product-B,364,2024-06-01,2024-07-05,Pending,FR,762,834
SHIP-1984,WH-Lyon,Product-B,353,2024-01-31,2024-02-15,In Transit,IT,128,214
SHIP-1985,WH-Lille,Product-A,40,2024-02-03,2024-02-09,Delivered,ES,775,441
SHIP-1986,WH-Paris,Product-A,407,2024-01-11,2024-01-24,Cancelled,BE,60,480
SHIP-1987,WH-Paris,Product-A,155,2024-01-31,2024-02-17,Delivered,FR,801,126
SHIP-1988,WH-Toulouse,Product-B,95,2024-06-03,2024-06-17,Pending,FR,92,149
SHIP-1989,WH-Marseille,Product-C,83,2024-03-12,2024-04-19,Cancelled,BE,247,517
SHIP-1990,WH-Paris,Product-E,391,2024-05-25,2024-05-30,Delivered,BE,222,732
SHIP-1991,WH-Lyon,Product-E,3,2024-02-19,2024-03-09,Delivered,DE,942,516
SHIP-1992,WH-Toulouse,Product-B,226,2024-05-01,2024-05-25,Delivered,DE,854,363
SHIP-1993,WH-Lyon,Product-E,117,2024-04-07,2024-05-05,Delayed,FR,779,321
SHIP-1994,WH-Paris,Product-E,70,2024-02-01,2024-03-02,Delayed,IT,721,295
SHIP-1995,WH-Paris,Product-C,253,2024-05-22,2024-05-25,Delivered,ES,290,467
SHIP-1996,WH-Lille,Product-B,284,2024-06-02,2024-06-22,Delayed,IT,875,438
SHIP-1997,WH-Lille,Product-C,92,2024-02-18,2024-02-23,Delivered,ES,688,107
SHIP-1998,WH-Toulouse,Product-A,62,2024-04-11,2024-05-10,In Transit,ES,410,711
SHIP-1999,WH-Lyon,Product-A,187,2024-05-31,2024-06-07,In Transit,IT,205,609
